[0.000000] (-) TimerEvent: {}
[0.001015] (plantroid_msgs) JobQueued: {'identifier': 'plantroid_msgs', 'dependencies': OrderedDict()}
[0.002600] (plantroid_msgs) JobStarted: {'identifier': 'plantroid_msgs'}
[0.051574] (plantroid_msgs) JobProgress: {'identifier': 'plantroid_msgs', 'progress': 'cmake'}
[0.052730] (plantroid_msgs) Command: {'cmd': ['/usr/bin/cmake', '/home/plantroid/plantroid_ws/src/plantroid_msgs', '-DCMAKE_INSTALL_PREFIX=/home/plantroid/plantroid_ws/src/plantroid_msgs/install/plantroid_msgs'], 'cwd': '/home/plantroid/plantroid_ws/src/plantroid_msgs/build/plantroid_msgs', 'env': OrderedDict([('LESSOPEN', '| /usr/bin/lesspipe %s'), ('USER', 'plantroid'), ('SSH_CLIENT', '192.168.205.19 38742 22'), ('LC_TIME', 'ja_JP.UTF-8'), ('XDG_SESSION_TYPE', 'tty'), ('SHLVL', '1'), ('LD_LIBRARY_PATH', '/home/plantroid/plantroid_ws/install/plantroid_msgs/lib:/opt/ros/foxy/opt/yaml_cpp_vendor/lib:/opt/ros/foxy/lib/aarch64-linux-gnu:/opt/ros/foxy/lib'), ('MOTD_SHOWN', 'pam'), ('HOME', '/home/plantroid'), ('OLDPWD', '/home/plantroid/plantroid_ws'), ('SSH_TTY', '/dev/pts/2'), ('ROS_PYTHON_VERSION', '3'), ('GTK_MODULES', 'appmenu-gtk-module'), ('LC_MONETARY', 'ja_JP.UTF-8'), ('DBUS_SESSION_BUS_ADDRESS', 'unix:path=/run/user/1000/bus'), ('UBUNTU_MENUPROXY', '1'), ('COLCON_PREFIX_PATH', '/home/plantroid/plantroid_ws/install'), ('ROS_DISTRO', 'foxy'), ('LOGNAME', 'plantroid'), ('_', '/usr/bin/colcon'), ('ROS_VERSION', '2'), ('XDG_SESSION_CLASS', 'user'), ('TERM', 'xterm-256color'), ('XDG_SESSION_ID', '312'), ('ROS_LOCALHOST_ONLY', '0'), ('PATH', '/home/plantroid/.local/bin:/opt/ros/foxy/bin:/usr/local/sbin:/usr/local/bin:/usr/sbin:/usr/bin:/sbin:/bin:/usr/games:/usr/local/games:/snap/bin'), ('LC_ADDRESS', 'ja_JP.UTF-8'), ('XDG_RUNTIME_DIR', '/run/user/1000'), ('LANG', 'en_US.UTF-8'), ('LC_TELEPHONE', 'ja_JP.UTF-8'), ('LS_COLORS', 'rs=0:di=01;34:ln=01;36:mh=00:pi=40;33:so=01;35:do=01;35:bd=40;33;01:cd=40;33;01:or=40;31;01:mi=00:su=37;41:sg=30;43:ca=30;41:tw=30;42:ow=34;42:st=37;44:ex=01;32:*.tar=01;31:*.tgz=01;31:*.arc=01;31:*.arj=01;31:*.taz=01;31:*.lha=01;31:*.lz4=01;31:*.lzh=01;31:*.lzma=01;31:*.tlz=01;31:*.txz=01;31:*.tzo=01;31:*.t7z=01;31:*.zip=01;31:*.z=01;31:*.dz=01;31:*.gz=01;31:*.lrz=01;31:*.lz=01;31:*.lzo=01;31:*.xz=01;31:*.zst=01;31:*.tzst=01;31:*.bz2=01;31:*.bz=01;31:*.tbz=01;31:*.tbz2=01;31:*.tz=01;31:*.deb=01;31:*.rpm=01;31:*.jar=01;31:*.war=01;31:*.ear=01;31:*.sar=01;31:*.rar=01;31:*.alz=01;31:*.ace=01;31:*.zoo=01;31:*.cpio=01;31:*.7z=01;31:*.rz=01;31:*.cab=01;31:*.wim=01;31:*.swm=01;31:*.dwm=01;31:*.esd=01;31:*.jpg=01;35:*.jpeg=01;35:*.mjpg=01;35:*.mjpeg=01;35:*.gif=01;35:*.bmp=01;35:*.pbm=01;35:*.pgm=01;35:*.ppm=01;35:*.tga=01;35:*.xbm=01;35:*.xpm=01;35:*.tif=01;35:*.tiff=01;35:*.png=01;35:*.svg=01;35:*.svgz=01;35:*.mng=01;35:*.pcx=01;35:*.mov=01;35:*.mpg=01;35:*.mpeg=01;35:*.m2v=01;35:*.mkv=01;35:*.webm=01;35:*.ogm=01;35:*.mp4=01;35:*.m4v=01;35:*.mp4v=01;35:*.vob=01;35:*.qt=01;35:*.nuv=01;35:*.wmv=01;35:*.asf=01;35:*.rm=01;35:*.rmvb=01;35:*.flc=01;35:*.avi=01;35:*.fli=01;35:*.flv=01;35:*.gl=01;35:*.dl=01;35:*.xcf=01;35:*.xwd=01;35:*.yuv=01;35:*.cgm=01;35:*.emf=01;35:*.ogv=01;35:*.ogx=01;35:*.aac=00;36:*.au=00;36:*.flac=00;36:*.m4a=00;36:*.mid=00;36:*.midi=00;36:*.mka=00;36:*.mp3=00;36:*.mpc=00;36:*.ogg=00;36:*.ra=00;36:*.wav=00;36:*.oga=00;36:*.opus=00;36:*.spx=00;36:*.xspf=00;36:'), ('AMENT_PREFIX_PATH', '/home/plantroid/plantroid_ws/install/plantroid_gui:/home/plantroid/plantroid_ws/install/plantroid_msgs:/opt/ros/foxy'), ('SHELL', '/bin/bash'), ('LC_NAME', 'ja_JP.UTF-8'), ('LESSCLOSE', '/usr/bin/lesspipe %s %s'), ('LC_MEASUREMENT', 'ja_JP.UTF-8'), ('LC_IDENTIFICATION', 'ja_JP.UTF-8'), ('PWD', '/home/plantroid/plantroid_ws/src/plantroid_msgs/build/plantroid_msgs'), ('SSH_CONNECTION', '192.168.205.19 38742 192.168.205.15 22'), ('XDG_DATA_DIRS', '/usr/local/share:/usr/share:/var/lib/snapd/desktop'), ('PYTHONPATH', '/home/plantroid/plantroid_ws/install/plantroid_gui/lib/python3.8/site-packages:/home/plantroid/plantroid_ws/install/plantroid_msgs/lib/python3.8/site-packages:/opt/ros/foxy/lib/python3.8/site-packages'), ('LC_NUMERIC', 'ja_JP.UTF-8'), ('LC_PAPER', 'ja_JP.UTF-8'), ('COLCON', '1'), ('CMAKE_PREFIX_PATH', '/home/plantroid/plantroid_ws/install/plantroid_msgs:/home/plantroid/plantroid_ws/install/plantroid_gui:/opt/ros/foxy')]), 'shell': False}
[0.099233] (-) TimerEvent: {}
[0.200101] (-) TimerEvent: {}
[0.300908] (-) TimerEvent: {}
[0.319795] (plantroid_msgs) StdoutLine: {'line': b'-- The C compiler identification is GNU 9.4.0\n'}
[0.401112] (-) TimerEvent: {}
[0.501978] (-) TimerEvent: {}
[0.558043] (plantroid_msgs) StdoutLine: {'line': b'-- The CXX compiler identification is GNU 9.4.0\n'}
[0.578803] (plantroid_msgs) StdoutLine: {'line': b'-- Check for working C compiler: /usr/bin/cc\n'}
[0.602140] (-) TimerEvent: {}
[0.702878] (-) TimerEvent: {}
[0.803589] (-) TimerEvent: {}
[0.887476] (plantroid_msgs) StdoutLine: {'line': b'-- Check for working C compiler: /usr/bin/cc -- works\n'}
[0.890686] (plantroid_msgs) StdoutLine: {'line': b'-- Detecting C compiler ABI info\n'}
[0.903760] (-) TimerEvent: {}
[1.004613] (-) TimerEvent: {}
[1.105858] (-) TimerEvent: {}
[1.206508] (plantroid_msgs) StdoutLine: {'line': b'-- Detecting C compiler ABI info - done\n'}
[1.207108] (-) TimerEvent: {}
[1.248592] (plantroid_msgs) StdoutLine: {'line': b'-- Detecting C compile features\n'}
[1.249756] (plantroid_msgs) StdoutLine: {'line': b'-- Detecting C compile features - done\n'}
[1.259661] (plantroid_msgs) StdoutLine: {'line': b'-- Check for working CXX compiler: /usr/bin/c++\n'}
[1.307350] (-) TimerEvent: {}
[1.408227] (-) TimerEvent: {}
[1.509328] (-) TimerEvent: {}
[1.600617] (plantroid_msgs) StdoutLine: {'line': b'-- Check for working CXX compiler: /usr/bin/c++ -- works\n'}
[1.605025] (plantroid_msgs) StdoutLine: {'line': b'-- Detecting CXX compiler ABI info\n'}
[1.609480] (-) TimerEvent: {}
[1.710352] (-) TimerEvent: {}
[1.811196] (-) TimerEvent: {}
[1.912009] (-) TimerEvent: {}
[1.959735] (plantroid_msgs) StdoutLine: {'line': b'-- Detecting CXX compiler ABI info - done\n'}
[2.003300] (plantroid_msgs) StdoutLine: {'line': b'-- Detecting CXX compile features\n'}
[2.005159] (plantroid_msgs) StdoutLine: {'line': b'-- Detecting CXX compile features - done\n'}
[2.012142] (-) TimerEvent: {}
[2.025714] (plantroid_msgs) StdoutLine: {'line': b'-- Found ament_cmake: 0.9.9 (/opt/ros/foxy/share/ament_cmake/cmake)\n'}
[2.112305] (-) TimerEvent: {}
[2.159747] (plantroid_msgs) StdoutLine: {'line': b'-- Found PythonInterp: /usr/bin/python3 (found suitable version "3.8.10", minimum required is "3") \n'}
[2.160378] (plantroid_msgs) StdoutLine: {'line': b'-- Using PYTHON_EXECUTABLE: /usr/bin/python3\n'}
[2.212459] (-) TimerEvent: {}
[2.313136] (-) TimerEvent: {}
[2.413792] (-) TimerEvent: {}
[2.514468] (-) TimerEvent: {}
[2.615092] (-) TimerEvent: {}
[2.715768] (-) TimerEvent: {}
[2.816398] (-) TimerEvent: {}
[2.917012] (-) TimerEvent: {}
[3.017639] (-) TimerEvent: {}
[3.118300] (-) TimerEvent: {}
[3.218944] (-) TimerEvent: {}
[3.283136] (plantroid_msgs) StdoutLine: {'line': b'-- Found geometry_msgs: 2.0.5 (/opt/ros/foxy/share/geometry_msgs/cmake)\n'}
[3.319109] (-) TimerEvent: {}
[3.419797] (-) TimerEvent: {}
[3.511381] (plantroid_msgs) StdoutLine: {'line': b'-- Using all available rosidl_typesupport_c: rosidl_typesupport_fastrtps_c;rosidl_typesupport_introspection_c\n'}
[3.519901] (-) TimerEvent: {}
[3.561623] (plantroid_msgs) StdoutLine: {'line': b'-- Found rosidl_adapter: 1.2.1 (/opt/ros/foxy/share/rosidl_adapter/cmake)\n'}
[3.620065] (-) TimerEvent: {}
[3.720734] (-) TimerEvent: {}
[3.821457] (-) TimerEvent: {}
[3.922367] (-) TimerEvent: {}
[4.023217] (-) TimerEvent: {}
[4.039623] (plantroid_msgs) StdoutLine: {'line': b'-- Found OpenSSL: /usr/lib/aarch64-linux-gnu/libcrypto.so (found version "1.1.1f")  \n'}
[4.123384] (-) TimerEvent: {}
[4.224074] (-) TimerEvent: {}
[4.242043] (plantroid_msgs) StdoutLine: {'line': b'-- Found FastRTPS: /opt/ros/foxy/include  \n'}
[4.324230] (-) TimerEvent: {}
[4.424914] (-) TimerEvent: {}
[4.525654] (-) TimerEvent: {}
[4.626560] (-) TimerEvent: {}
[4.727258] (-) TimerEvent: {}
[4.747496] (plantroid_msgs) StdoutLine: {'line': b'-- Using all available rosidl_typesupport_cpp: rosidl_typesupport_fastrtps_cpp;rosidl_typesupport_introspection_cpp\n'}
[4.827431] (-) TimerEvent: {}
[4.928176] (-) TimerEvent: {}
[5.028875] (-) TimerEvent: {}
[5.116356] (plantroid_msgs) StdoutLine: {'line': b'-- Found rosidl_default_generators: 1.0.1 (/opt/ros/foxy/share/rosidl_default_generators/cmake)\n'}
[5.129047] (-) TimerEvent: {}
[5.229724] (-) TimerEvent: {}
[5.284588] (plantroid_msgs) StdoutLine: {'line': b'-- Found PythonInterp: /usr/bin/python3 (found version "3.8.10") \n'}
[5.329877] (-) TimerEvent: {}
[5.430526] (-) TimerEvent: {}
[5.531168] (-) TimerEvent: {}
[5.631790] (-) TimerEvent: {}
[5.732442] (-) TimerEvent: {}
[5.833136] (-) TimerEvent: {}
[5.933852] (-) TimerEvent: {}
[6.034548] (-) TimerEvent: {}
[6.035223] (plantroid_msgs) StdoutLine: {'line': b'-- Found ament_cmake_ros: 0.9.2 (/opt/ros/foxy/share/ament_cmake_ros/cmake)\n'}
[6.134713] (-) TimerEvent: {}
[6.235421] (-) TimerEvent: {}
[6.336200] (-) TimerEvent: {}
[6.436887] (-) TimerEvent: {}
[6.537558] (-) TimerEvent: {}
[6.638264] (-) TimerEvent: {}
[6.738963] (-) TimerEvent: {}
[6.779922] (plantroid_msgs) StdoutLine: {'line': b'-- Using all available rosidl_typesupport_c: rosidl_typesupport_fastrtps_c;rosidl_typesupport_introspection_c\n'}
[6.825202] (plantroid_msgs) StdoutLine: {'line': b'-- Using all available rosidl_typesupport_cpp: rosidl_typesupport_fastrtps_cpp;rosidl_typesupport_introspection_cpp\n'}
[6.839134] (-) TimerEvent: {}
[6.939685] (plantroid_msgs) StdoutLine: {'line': b'-- Found PythonInterp: /usr/bin/python3 (found suitable version "3.8.10", minimum required is "3.5") \n'}
[6.940304] (-) TimerEvent: {}
[6.956634] (plantroid_msgs) StdoutLine: {'line': b'-- Found python_cmake_module: 0.8.1 (/opt/ros/foxy/share/python_cmake_module/cmake)\n'}
[7.040461] (-) TimerEvent: {}
[7.083074] (plantroid_msgs) StdoutLine: {'line': b'-- Found PythonLibs: /usr/lib/aarch64-linux-gnu/libpython3.8.so (found suitable version "3.8.10", minimum required is "3.5") \n'}
[7.083930] (plantroid_msgs) StdoutLine: {'line': b'-- Using PYTHON_EXECUTABLE: /usr/bin/python3\n'}
[7.084435] (plantroid_msgs) StdoutLine: {'line': b'-- Using PYTHON_INCLUDE_DIRS: /usr/include/python3.8\n'}
[7.084925] (plantroid_msgs) StdoutLine: {'line': b'-- Using PYTHON_LIBRARIES: /usr/lib/aarch64-linux-gnu/libpython3.8.so\n'}
[7.140602] (-) TimerEvent: {}
[7.191100] (plantroid_msgs) StdoutLine: {'line': b'-- Found PythonExtra: .so  \n'}
[7.240772] (-) TimerEvent: {}
[7.341503] (-) TimerEvent: {}
[7.396953] (plantroid_msgs) StdoutLine: {'line': b'-- Found ament_lint_auto: 0.9.6 (/opt/ros/foxy/share/ament_lint_auto/cmake)\n'}
[7.441656] (-) TimerEvent: {}
[7.542375] (-) TimerEvent: {}
[7.630799] (plantroid_msgs) StdoutLine: {'line': b"-- Added test 'cppcheck' to perform static code analysis on C / C++ code\n"}
[7.637455] (plantroid_msgs) StdoutLine: {'line': b'-- Configured cppcheck include dirs: $<BUILD_INTERFACE:/home/plantroid/plantroid_ws/src/plantroid_msgs/build/plantroid_msgs/rosidl_generator_c>;/home/plantroid/plantroid_ws/src/plantroid_msgs/build/plantroid_msgs/rosidl_generator_c;/home/plantroid/plantroid_ws/src/plantroid_msgs/build/plantroid_msgs/rosidl_generator_cpp;/home/plantroid/plantroid_ws/src/plantroid_msgs/build/plantroid_msgs/rosidl_typesupport_fastrtps_c;/home/plantroid/plantroid_ws/src/plantroid_msgs/build/plantroid_msgs/rosidl_typesupport_fastrtps_cpp;$<BUILD_INTERFACE:/home/plantroid/plantroid_ws/src/plantroid_msgs/build/plantroid_msgs/rosidl_typesupport_introspection_c>;$<BUILD_INTERFACE:/home/plantroid/plantroid_ws/src/plantroid_msgs/build/plantroid_msgs/rosidl_typesupport_c>;$<BUILD_INTERFACE:/home/plantroid/plantroid_ws/src/plantroid_msgs/build/plantroid_msgs/rosidl_generator_cpp>;/home/plantroid/plantroid_ws/src/plantroid_msgs/build/plantroid_msgs/rosidl_generator_py\n'}
[7.638076] (plantroid_msgs) StdoutLine: {'line': b'-- Configured cppcheck exclude dirs and/or files: \n'}
[7.642508] (-) TimerEvent: {}
[7.653423] (plantroid_msgs) StdoutLine: {'line': b"-- Added test 'flake8' to check Python code syntax and style conventions\n"}
[7.681984] (plantroid_msgs) StdoutLine: {'line': b"-- Added test 'lint_cmake' to check CMake code style\n"}
[7.697478] (plantroid_msgs) StdoutLine: {'line': b"-- Added test 'pep257' to check Python code against some of the style conventions in PEP 257\n"}
[7.742655] (-) TimerEvent: {}
[7.806414] (plantroid_msgs) StdoutLine: {'line': b"-- Added test 'uncrustify' to check C / C++ code style\n"}
[7.807042] (plantroid_msgs) StdoutLine: {'line': b'-- Configured uncrustify additional arguments: \n'}
[7.822305] (plantroid_msgs) StdoutLine: {'line': b"-- Added test 'xmllint' to check XML markup files\n"}
[7.842815] (-) TimerEvent: {}
[7.859947] (plantroid_msgs) StdoutLine: {'line': b'-- Configuring done\n'}
[7.942975] (-) TimerEvent: {}
[8.043630] (-) TimerEvent: {}
[8.092904] (plantroid_msgs) StdoutLine: {'line': b'-- Generating done\n'}
[8.107975] (plantroid_msgs) StdoutLine: {'line': b'-- Build files have been written to: /home/plantroid/plantroid_ws/src/plantroid_msgs/build/plantroid_msgs\n'}
[8.142022] (plantroid_msgs) CommandEnded: {'returncode': 0}
[8.144221] (-) TimerEvent: {}
[8.144796] (plantroid_msgs) JobProgress: {'identifier': 'plantroid_msgs', 'progress': 'build'}
[8.147517] (plantroid_msgs) Command: {'cmd': ['/usr/bin/cmake', '--build', '/home/plantroid/plantroid_ws/src/plantroid_msgs/build/plantroid_msgs', '--', '-j4', '-l4'], 'cwd': '/home/plantroid/plantroid_ws/src/plantroid_msgs/build/plantroid_msgs', 'env': OrderedDict([('LESSOPEN', '| /usr/bin/lesspipe %s'), ('USER', 'plantroid'), ('SSH_CLIENT', '192.168.205.19 38742 22'), ('LC_TIME', 'ja_JP.UTF-8'), ('XDG_SESSION_TYPE', 'tty'), ('SHLVL', '1'), ('LD_LIBRARY_PATH', '/home/plantroid/plantroid_ws/install/plantroid_msgs/lib:/opt/ros/foxy/opt/yaml_cpp_vendor/lib:/opt/ros/foxy/lib/aarch64-linux-gnu:/opt/ros/foxy/lib'), ('MOTD_SHOWN', 'pam'), ('HOME', '/home/plantroid'), ('OLDPWD', '/home/plantroid/plantroid_ws'), ('SSH_TTY', '/dev/pts/2'), ('ROS_PYTHON_VERSION', '3'), ('GTK_MODULES', 'appmenu-gtk-module'), ('LC_MONETARY', 'ja_JP.UTF-8'), ('DBUS_SESSION_BUS_ADDRESS', 'unix:path=/run/user/1000/bus'), ('UBUNTU_MENUPROXY', '1'), ('COLCON_PREFIX_PATH', '/home/plantroid/plantroid_ws/install'), ('ROS_DISTRO', 'foxy'), ('LOGNAME', 'plantroid'), ('_', '/usr/bin/colcon'), ('ROS_VERSION', '2'), ('XDG_SESSION_CLASS', 'user'), ('TERM', 'xterm-256color'), ('XDG_SESSION_ID', '312'), ('ROS_LOCALHOST_ONLY', '0'), ('PATH', '/home/plantroid/.local/bin:/opt/ros/foxy/bin:/usr/local/sbin:/usr/local/bin:/usr/sbin:/usr/bin:/sbin:/bin:/usr/games:/usr/local/games:/snap/bin'), ('LC_ADDRESS', 'ja_JP.UTF-8'), ('XDG_RUNTIME_DIR', '/run/user/1000'), ('LANG', 'en_US.UTF-8'), ('LC_TELEPHONE', 'ja_JP.UTF-8'), ('LS_COLORS', 'rs=0:di=01;34:ln=01;36:mh=00:pi=40;33:so=01;35:do=01;35:bd=40;33;01:cd=40;33;01:or=40;31;01:mi=00:su=37;41:sg=30;43:ca=30;41:tw=30;42:ow=34;42:st=37;44:ex=01;32:*.tar=01;31:*.tgz=01;31:*.arc=01;31:*.arj=01;31:*.taz=01;31:*.lha=01;31:*.lz4=01;31:*.lzh=01;31:*.lzma=01;31:*.tlz=01;31:*.txz=01;31:*.tzo=01;31:*.t7z=01;31:*.zip=01;31:*.z=01;31:*.dz=01;31:*.gz=01;31:*.lrz=01;31:*.lz=01;31:*.lzo=01;31:*.xz=01;31:*.zst=01;31:*.tzst=01;31:*.bz2=01;31:*.bz=01;31:*.tbz=01;31:*.tbz2=01;31:*.tz=01;31:*.deb=01;31:*.rpm=01;31:*.jar=01;31:*.war=01;31:*.ear=01;31:*.sar=01;31:*.rar=01;31:*.alz=01;31:*.ace=01;31:*.zoo=01;31:*.cpio=01;31:*.7z=01;31:*.rz=01;31:*.cab=01;31:*.wim=01;31:*.swm=01;31:*.dwm=01;31:*.esd=01;31:*.jpg=01;35:*.jpeg=01;35:*.mjpg=01;35:*.mjpeg=01;35:*.gif=01;35:*.bmp=01;35:*.pbm=01;35:*.pgm=01;35:*.ppm=01;35:*.tga=01;35:*.xbm=01;35:*.xpm=01;35:*.tif=01;35:*.tiff=01;35:*.png=01;35:*.svg=01;35:*.svgz=01;35:*.mng=01;35:*.pcx=01;35:*.mov=01;35:*.mpg=01;35:*.mpeg=01;35:*.m2v=01;35:*.mkv=01;35:*.webm=01;35:*.ogm=01;35:*.mp4=01;35:*.m4v=01;35:*.mp4v=01;35:*.vob=01;35:*.qt=01;35:*.nuv=01;35:*.wmv=01;35:*.asf=01;35:*.rm=01;35:*.rmvb=01;35:*.flc=01;35:*.avi=01;35:*.fli=01;35:*.flv=01;35:*.gl=01;35:*.dl=01;35:*.xcf=01;35:*.xwd=01;35:*.yuv=01;35:*.cgm=01;35:*.emf=01;35:*.ogv=01;35:*.ogx=01;35:*.aac=00;36:*.au=00;36:*.flac=00;36:*.m4a=00;36:*.mid=00;36:*.midi=00;36:*.mka=00;36:*.mp3=00;36:*.mpc=00;36:*.ogg=00;36:*.ra=00;36:*.wav=00;36:*.oga=00;36:*.opus=00;36:*.spx=00;36:*.xspf=00;36:'), ('AMENT_PREFIX_PATH', '/home/plantroid/plantroid_ws/install/plantroid_gui:/home/plantroid/plantroid_ws/install/plantroid_msgs:/opt/ros/foxy'), ('SHELL', '/bin/bash'), ('LC_NAME', 'ja_JP.UTF-8'), ('LESSCLOSE', '/usr/bin/lesspipe %s %s'), ('LC_MEASUREMENT', 'ja_JP.UTF-8'), ('LC_IDENTIFICATION', 'ja_JP.UTF-8'), ('PWD', '/home/plantroid/plantroid_ws/src/plantroid_msgs/build/plantroid_msgs'), ('SSH_CONNECTION', '192.168.205.19 38742 192.168.205.15 22'), ('XDG_DATA_DIRS', '/usr/local/share:/usr/share:/var/lib/snapd/desktop'), ('PYTHONPATH', '/home/plantroid/plantroid_ws/install/plantroid_gui/lib/python3.8/site-packages:/home/plantroid/plantroid_ws/install/plantroid_msgs/lib/python3.8/site-packages:/opt/ros/foxy/lib/python3.8/site-packages'), ('LC_NUMERIC', 'ja_JP.UTF-8'), ('LC_PAPER', 'ja_JP.UTF-8'), ('COLCON', '1'), ('CMAKE_PREFIX_PATH', '/home/plantroid/plantroid_ws/install/plantroid_msgs:/home/plantroid/plantroid_ws/install/plantroid_gui:/opt/ros/foxy')]), 'shell': False}
[8.244481] (-) TimerEvent: {}
[8.345304] (-) TimerEvent: {}
[8.349757] (plantroid_msgs) StdoutLine: {'line': b'\x1b[35m\x1b[1mScanning dependencies of target plantroid_msgs__cpp\x1b[0m\n'}
[8.350728] (plantroid_msgs) StdoutLine: {'line': b'[  1%] \x1b[34m\x1b[1mGenerating C code for ROS interfaces\x1b[0m\n'}
[8.398345] (plantroid_msgs) StdoutLine: {'line': b'[  2%] \x1b[34m\x1b[1mGenerating C++ code for ROS interfaces\x1b[0m\n'}
[8.445475] (-) TimerEvent: {}
[8.546184] (-) TimerEvent: {}
[8.647123] (-) TimerEvent: {}
[8.747953] (-) TimerEvent: {}
[8.849067] (-) TimerEvent: {}
[8.949821] (-) TimerEvent: {}
[9.050774] (-) TimerEvent: {}
[9.151487] (-) TimerEvent: {}
[9.252165] (-) TimerEvent: {}
[9.352820] (-) TimerEvent: {}
[9.453562] (-) TimerEvent: {}
[9.554303] (-) TimerEvent: {}
[9.654941] (-) TimerEvent: {}
[9.762121] (-) TimerEvent: {}
[9.862881] (-) TimerEvent: {}
[9.963706] (-) TimerEvent: {}
[10.064477] (-) TimerEvent: {}
[10.165228] (-) TimerEvent: {}
[10.265892] (-) TimerEvent: {}
[10.366605] (-) TimerEvent: {}
[10.467285] (-) TimerEvent: {}
[10.567967] (-) TimerEvent: {}
[10.668615] (-) TimerEvent: {}
[10.769276] (-) TimerEvent: {}
[10.870014] (-) TimerEvent: {}
[10.971272] (-) TimerEvent: {}
[11.072384] (-) TimerEvent: {}
[11.173318] (-) TimerEvent: {}
[11.274305] (-) TimerEvent: {}
[11.376011] (-) TimerEvent: {}
[11.431395] (plantroid_msgs) StdoutLine: {'line': b'[  2%] Built target plantroid_msgs__cpp\n'}
[11.476218] (-) TimerEvent: {}
[11.486147] (plantroid_msgs) StdoutLine: {'line': b'[  3%] \x1b[34m\x1b[1mGenerating C++ introspection for ROS interfaces\x1b[0m\n'}
[11.501217] (plantroid_msgs) StdoutLine: {'line': b'[  4%] \x1b[34m\x1b[1mGenerating C++ type support dispatch for ROS interfaces\x1b[0m\n'}
[11.528180] (plantroid_msgs) StdoutLine: {'line': b'[  5%] \x1b[34m\x1b[1mGenerating C++ type support for eProsima Fast-RTPS\x1b[0m\n'}
[11.576460] (-) TimerEvent: {}
[11.678424] (-) TimerEvent: {}
[11.779263] (-) TimerEvent: {}
[11.880241] (-) TimerEvent: {}
[11.981267] (-) TimerEvent: {}
[12.082657] (-) TimerEvent: {}
[12.183636] (-) TimerEvent: {}
[12.284516] (-) TimerEvent: {}
[12.286699] (plantroid_msgs) StdoutLine: {'line': b'\x1b[35m\x1b[1mScanning dependencies of target plantroid_msgs__rosidl_generator_c\x1b[0m\n'}
[12.358214] (plantroid_msgs) StdoutLine: {'line': b'[  6%] \x1b[32mBuilding C object CMakeFiles/plantroid_msgs__rosidl_generator_c.dir/rosidl_generator_c/plantroid_msgs/msg/detail/pose__functions.c.o\x1b[0m\n'}
[12.384819] (-) TimerEvent: {}
[12.485697] (-) TimerEvent: {}
[12.559659] (plantroid_msgs) StdoutLine: {'line': b'[  8%] \x1b[32mBuilding C object CMakeFiles/plantroid_msgs__rosidl_generator_c.dir/rosidl_generator_c/plantroid_msgs/msg/detail/speed__functions.c.o\x1b[0m\n'}
[12.585924] (-) TimerEvent: {}
[12.686841] (-) TimerEvent: {}
[12.760149] (plantroid_msgs) StdoutLine: {'line': b'[  9%] \x1b[32mBuilding C object CMakeFiles/plantroid_msgs__rosidl_generator_c.dir/rosidl_generator_c/plantroid_msgs/msg/detail/state__functions.c.o\x1b[0m\n'}
[12.787048] (-) TimerEvent: {}
[12.887930] (-) TimerEvent: {}
[12.967942] (plantroid_msgs) StdoutLine: {'line': b'[ 10%] \x1b[32mBuilding C object CMakeFiles/plantroid_msgs__rosidl_generator_c.dir/rosidl_generator_c/plantroid_msgs/srv/detail/camera__functions.c.o\x1b[0m\n'}
[12.988229] (-) TimerEvent: {}
[13.089220] (-) TimerEvent: {}
[13.190086] (-) TimerEvent: {}
[13.205639] (plantroid_msgs) StdoutLine: {'line': b'[ 11%] \x1b[32mBuilding C object CMakeFiles/plantroid_msgs__rosidl_generator_c.dir/rosidl_generator_c/plantroid_msgs/srv/detail/neck_servo__functions.c.o\x1b[0m\n'}
[13.290367] (-) TimerEvent: {}
[13.391294] (-) TimerEvent: {}
[13.465689] (plantroid_msgs) StdoutLine: {'line': b'[ 12%] \x1b[32mBuilding C object CMakeFiles/plantroid_msgs__rosidl_generator_c.dir/rosidl_generator_c/plantroid_msgs/srv/detail/sensors__functions.c.o\x1b[0m\n'}
[13.491538] (-) TimerEvent: {}
[13.592644] (-) TimerEvent: {}
[13.693509] (-) TimerEvent: {}
[13.711636] (plantroid_msgs) StdoutLine: {'line': b'[ 13%] \x1b[32mBuilding C object CMakeFiles/plantroid_msgs__rosidl_generator_c.dir/rosidl_generator_c/plantroid_msgs/srv/detail/command__functions.c.o\x1b[0m\n'}
[13.782983] (plantroid_msgs) StdoutLine: {'line': b'\x1b[35m\x1b[1mScanning dependencies of target plantroid_msgs__rosidl_typesupport_cpp\x1b[0m\n'}
[13.793774] (-) TimerEvent: {}
[13.887836] (plantroid_msgs) StdoutLine: {'line': b'[ 14%] \x1b[32mBuilding CXX object CMakeFiles/plantroid_msgs__rosidl_typesupport_cpp.dir/rosidl_typesupport_cpp/plantroid_msgs/msg/pose__type_support.cpp.o\x1b[0m\n'}
[13.894008] (-) TimerEvent: {}
[13.994494] (plantroid_msgs) StdoutLine: {'line': b'[ 16%] \x1b[32mBuilding C object CMakeFiles/plantroid_msgs__rosidl_generator_c.dir/rosidl_generator_c/plantroid_msgs/srv/detail/gesture__functions.c.o\x1b[0m\n'}
[13.995323] (-) TimerEvent: {}
[14.096241] (-) TimerEvent: {}
[14.197343] (-) TimerEvent: {}
[14.241170] (plantroid_msgs) StdoutLine: {'line': b'[ 17%] \x1b[32m\x1b[1mLinking C shared library libplantroid_msgs__rosidl_generator_c.so\x1b[0m\n'}
[14.297568] (-) TimerEvent: {}
[14.398557] (-) TimerEvent: {}
[14.475434] (plantroid_msgs) StdoutLine: {'line': b'[ 17%] Built target plantroid_msgs__rosidl_generator_c\n'}
[14.498753] (-) TimerEvent: {}
[14.545562] (plantroid_msgs) StdoutLine: {'line': b'[ 18%] \x1b[34m\x1b[1mGenerating C introspection for ROS interfaces\x1b[0m\n'}
[14.577179] (plantroid_msgs) StdoutLine: {'line': b'\x1b[35m\x1b[1mScanning dependencies of target plantroid_msgs__rosidl_typesupport_introspection_cpp\x1b[0m\n'}
[14.599018] (-) TimerEvent: {}
[14.671445] (plantroid_msgs) StdoutLine: {'line': b'[ 19%] \x1b[32mBuilding CXX object CMakeFiles/plantroid_msgs__rosidl_typesupport_introspection_cpp.dir/rosidl_typesupport_introspection_cpp/plantroid_msgs/msg/detail/pose__type_support.cpp.o\x1b[0m\n'}
[14.699241] (-) TimerEvent: {}
[14.800217] (-) TimerEvent: {}
[14.901306] (-) TimerEvent: {}
[15.002200] (-) TimerEvent: {}
[15.103081] (-) TimerEvent: {}
[15.164097] (plantroid_msgs) StdoutLine: {'line': b'\x1b[35m\x1b[1mScanning dependencies of target plantroid_msgs__rosidl_typesupport_fastrtps_cpp\x1b[0m\n'}
[15.203294] (-) TimerEvent: {}
[15.304096] (-) TimerEvent: {}
[15.305545] (plantroid_msgs) StdoutLine: {'line': b'[ 20%] \x1b[32mBuilding CXX object CMakeFiles/plantroid_msgs__rosidl_typesupport_fastrtps_cpp.dir/rosidl_typesupport_fastrtps_cpp/plantroid_msgs/msg/detail/dds_fastrtps/pose__type_support.cpp.o\x1b[0m\n'}
[15.404351] (-) TimerEvent: {}
[15.505309] (-) TimerEvent: {}
[15.606195] (-) TimerEvent: {}
[15.707110] (-) TimerEvent: {}
[15.790551] (plantroid_msgs) StdoutLine: {'line': b'[ 21%] \x1b[32mBuilding CXX object CMakeFiles/plantroid_msgs__rosidl_typesupport_cpp.dir/rosidl_typesupport_cpp/plantroid_msgs/msg/speed__type_support.cpp.o\x1b[0m\n'}
[15.807334] (-) TimerEvent: {}
[15.908318] (-) TimerEvent: {}
[16.009267] (-) TimerEvent: {}
[16.110295] (-) TimerEvent: {}
[16.211294] (-) TimerEvent: {}
[16.312684] (-) TimerEvent: {}
[16.348116] (plantroid_msgs) StdoutLine: {'line': b'[ 22%] \x1b[32mBuilding CXX object CMakeFiles/plantroid_msgs__rosidl_typesupport_introspection_cpp.dir/rosidl_typesupport_introspection_cpp/plantroid_msgs/msg/detail/speed__type_support.cpp.o\x1b[0m\n'}
[16.412945] (-) TimerEvent: {}
[16.513844] (-) TimerEvent: {}
[16.614750] (-) TimerEvent: {}
[16.715687] (-) TimerEvent: {}
[16.816704] (-) TimerEvent: {}
[16.917798] (-) TimerEvent: {}
[17.018825] (-) TimerEvent: {}
[17.119863] (-) TimerEvent: {}
[17.221019] (-) TimerEvent: {}
[17.322373] (-) TimerEvent: {}
[17.424037] (-) TimerEvent: {}
[17.524959] (-) TimerEvent: {}
[17.544641] (plantroid_msgs) StdoutLine: {'line': b'[ 24%] \x1b[32mBuilding CXX object CMakeFiles/plantroid_msgs__rosidl_typesupport_cpp.dir/rosidl_typesupport_cpp/plantroid_msgs/msg/state__type_support.cpp.o\x1b[0m\n'}
[17.625239] (-) TimerEvent: {}
[17.726630] (-) TimerEvent: {}
[17.827919] (-) TimerEvent: {}
[17.835999] (plantroid_msgs) StdoutLine: {'line': b'[ 25%] \x1b[32mBuilding CXX object CMakeFiles/plantroid_msgs__rosidl_typesupport_fastrtps_cpp.dir/rosidl_typesupport_fastrtps_cpp/plantroid_msgs/msg/detail/dds_fastrtps/speed__type_support.cpp.o\x1b[0m\n'}
[17.928225] (-) TimerEvent: {}
[18.029135] (-) TimerEvent: {}
[18.029963] (plantroid_msgs) StdoutLine: {'line': b'\x1b[35m\x1b[1mScanning dependencies of target plantroid_msgs__rosidl_typesupport_introspection_c\x1b[0m\n'}
[18.129464] (-) TimerEvent: {}
[18.131571] (plantroid_msgs) StdoutLine: {'line': b'[ 27%] \x1b[32mBuilding CXX object CMakeFiles/plantroid_msgs__rosidl_typesupport_introspection_cpp.dir/rosidl_typesupport_introspection_cpp/plantroid_msgs/msg/detail/state__type_support.cpp.o\x1b[0m\n'}
[18.132833] (plantroid_msgs) StdoutLine: {'line': b'[ 27%] \x1b[32mBuilding C object CMakeFiles/plantroid_msgs__rosidl_typesupport_introspection_c.dir/rosidl_typesupport_introspection_c/plantroid_msgs/msg/detail/pose__type_support.c.o\x1b[0m\n'}
[18.229693] (-) TimerEvent: {}
[18.313563] (plantroid_msgs) StdoutLine: {'line': b'[ 28%] \x1b[32mBuilding C object CMakeFiles/plantroid_msgs__rosidl_typesupport_introspection_c.dir/rosidl_typesupport_introspection_c/plantroid_msgs/msg/detail/speed__type_support.c.o\x1b[0m\n'}
[18.330052] (-) TimerEvent: {}
[18.431256] (-) TimerEvent: {}
[18.502755] (plantroid_msgs) StdoutLine: {'line': b'[ 29%] \x1b[32mBuilding C object CMakeFiles/plantroid_msgs__rosidl_typesupport_introspection_c.dir/rosidl_typesupport_introspection_c/plantroid_msgs/msg/detail/state__type_support.c.o\x1b[0m\n'}
[18.531527] (-) TimerEvent: {}
[18.632922] (-) TimerEvent: {}
[18.698486] (plantroid_msgs) StdoutLine: {'line': b'[ 31%] \x1b[32mBuilding C object CMakeFiles/plantroid_msgs__rosidl_typesupport_introspection_c.dir/rosidl_typesupport_introspection_c/plantroid_msgs/srv/detail/camera__type_support.c.o\x1b[0m\n'}
[18.733152] (-) TimerEvent: {}
[18.834126] (-) TimerEvent: {}
[18.915304] (plantroid_msgs) StdoutLine: {'line': b'[ 32%] \x1b[32mBuilding C object CMakeFiles/plantroid_msgs__rosidl_typesupport_introspection_c.dir/rosidl_typesupport_introspection_c/plantroid_msgs/srv/detail/neck_servo__type_support.c.o\x1b[0m\n'}
[18.934482] (-) TimerEvent: {}
[19.035546] (-) TimerEvent: {}
[19.124979] (plantroid_msgs) StdoutLine: {'line': b'[ 33%] \x1b[32mBuilding C object CMakeFiles/plantroid_msgs__rosidl_typesupport_introspection_c.dir/rosidl_typesupport_introspection_c/plantroid_msgs/srv/detail/sensors__type_support.c.o\x1b[0m\n'}
[19.135778] (-) TimerEvent: {}
[19.236714] (-) TimerEvent: {}
[19.337718] (-) TimerEvent: {}
[19.339167] (plantroid_msgs) StdoutLine: {'line': b'[ 34%] \x1b[32mBuilding C object CMakeFiles/plantroid_msgs__rosidl_typesupport_introspection_c.dir/rosidl_typesupport_introspection_c/plantroid_msgs/srv/detail/command__type_support.c.o\x1b[0m\n'}
[19.357975] (plantroid_msgs) StdoutLine: {'line': b'[ 35%] \x1b[32mBuilding CXX object CMakeFiles/plantroid_msgs__rosidl_typesupport_cpp.dir/rosidl_typesupport_cpp/plantroid_msgs/srv/camera__type_support.cpp.o\x1b[0m\n'}
[19.438354] (-) TimerEvent: {}
[19.540364] (-) TimerEvent: {}
[19.552536] (plantroid_msgs) StdoutLine: {'line': b'[ 36%] \x1b[32mBuilding C object CMakeFiles/plantroid_msgs__rosidl_typesupport_introspection_c.dir/rosidl_typesupport_introspection_c/plantroid_msgs/srv/detail/gesture__type_support.c.o\x1b[0m\n'}
[19.640635] (-) TimerEvent: {}
[19.741657] (-) TimerEvent: {}
[19.769730] (plantroid_msgs) StdoutLine: {'line': b'[ 37%] \x1b[32m\x1b[1mLinking C shared library libplantroid_msgs__rosidl_typesupport_introspection_c.so\x1b[0m\n'}
[19.841947] (-) TimerEvent: {}
[19.917545] (plantroid_msgs) StdoutLine: {'line': b'[ 39%] \x1b[32mBuilding CXX object CMakeFiles/plantroid_msgs__rosidl_typesupport_introspection_cpp.dir/rosidl_typesupport_introspection_cpp/plantroid_msgs/srv/detail/camera__type_support.cpp.o\x1b[0m\n'}
[19.942307] (-) TimerEvent: {}
[19.960573] (plantroid_msgs) StdoutLine: {'line': b'[ 39%] Built target plantroid_msgs__rosidl_typesupport_introspection_c\n'}
[20.015881] (plantroid_msgs) StdoutLine: {'line': b'[ 40%] \x1b[34m\x1b[1mGenerating C type support dispatch for ROS interfaces\x1b[0m\n'}
[20.042445] (-) TimerEvent: {}
[20.143288] (-) TimerEvent: {}
[20.244174] (-) TimerEvent: {}
[20.345300] (-) TimerEvent: {}
[20.416838] (plantroid_msgs) StdoutLine: {'line': b'[ 41%] \x1b[32mBuilding CXX object CMakeFiles/plantroid_msgs__rosidl_typesupport_fastrtps_cpp.dir/rosidl_typesupport_fastrtps_cpp/plantroid_msgs/msg/detail/dds_fastrtps/state__type_support.cpp.o\x1b[0m\n'}
[20.445529] (-) TimerEvent: {}
[20.546444] (-) TimerEvent: {}
[20.647446] (-) TimerEvent: {}
[20.748398] (-) TimerEvent: {}
[20.849373] (-) TimerEvent: {}
[20.950400] (-) TimerEvent: {}
[21.051345] (-) TimerEvent: {}
[21.152278] (-) TimerEvent: {}
[21.176586] (plantroid_msgs) StdoutLine: {'line': b'[ 42%] \x1b[32mBuilding CXX object CMakeFiles/plantroid_msgs__rosidl_typesupport_cpp.dir/rosidl_typesupport_cpp/plantroid_msgs/srv/neck_servo__type_support.cpp.o\x1b[0m\n'}
[21.252504] (-) TimerEvent: {}
[21.353630] (-) TimerEvent: {}
[21.454680] (-) TimerEvent: {}
[21.555683] (-) TimerEvent: {}
[21.656677] (-) TimerEvent: {}
[21.666316] (plantroid_msgs) StdoutLine: {'line': b'[ 43%] \x1b[32mBuilding CXX object CMakeFiles/plantroid_msgs__rosidl_typesupport_introspection_cpp.dir/rosidl_typesupport_introspection_cpp/plantroid_msgs/srv/detail/neck_servo__type_support.cpp.o\x1b[0m\n'}
[21.756925] (-) TimerEvent: {}
[21.857860] (-) TimerEvent: {}
[21.958811] (-) TimerEvent: {}
[22.059893] (-) TimerEvent: {}
[22.161219] (-) TimerEvent: {}
[22.262235] (-) TimerEvent: {}
[22.364297] (-) TimerEvent: {}
[22.466133] (-) TimerEvent: {}
[22.502301] (plantroid_msgs) StdoutLine: {'line': b'\x1b[35m\x1b[1mScanning dependencies of target plantroid_msgs__rosidl_typesupport_c\x1b[0m\n'}
[22.566441] (-) TimerEvent: {}
[22.589169] (plantroid_msgs) StdoutLine: {'line': b'[ 44%] \x1b[32mBuilding CXX object CMakeFiles/plantroid_msgs__rosidl_typesupport_c.dir/rosidl_typesupport_c/plantroid_msgs/msg/pose__type_support.cpp.o\x1b[0m\n'}
[22.666666] (-) TimerEvent: {}
[22.754853] (plantroid_msgs) StdoutLine: {'line': b'[ 45%] \x1b[32mBuilding CXX object CMakeFiles/plantroid_msgs__rosidl_typesupport_c.dir/rosidl_typesupport_c/plantroid_msgs/msg/speed__type_support.cpp.o\x1b[0m\n'}
[22.766887] (-) TimerEvent: {}
[22.868264] (-) TimerEvent: {}
[22.939657] (plantroid_msgs) StdoutLine: {'line': b'[ 47%] \x1b[32mBuilding CXX object CMakeFiles/plantroid_msgs__rosidl_typesupport_c.dir/rosidl_typesupport_c/plantroid_msgs/msg/state__type_support.cpp.o\x1b[0m\n'}
[22.951321] (plantroid_msgs) StdoutLine: {'line': b'[ 48%] \x1b[32mBuilding CXX object CMakeFiles/plantroid_msgs__rosidl_typesupport_fastrtps_cpp.dir/rosidl_typesupport_fastrtps_cpp/plantroid_msgs/srv/detail/dds_fastrtps/camera__type_support.cpp.o\x1b[0m\n'}
[22.968544] (-) TimerEvent: {}
[22.990184] (plantroid_msgs) StdoutLine: {'line': b'[ 49%] \x1b[32mBuilding CXX object CMakeFiles/plantroid_msgs__rosidl_typesupport_cpp.dir/rosidl_typesupport_cpp/plantroid_msgs/srv/sensors__type_support.cpp.o\x1b[0m\n'}
[23.068787] (-) TimerEvent: {}
[23.106728] (plantroid_msgs) StdoutLine: {'line': b'[ 50%] \x1b[32mBuilding CXX object CMakeFiles/plantroid_msgs__rosidl_typesupport_c.dir/rosidl_typesupport_c/plantroid_msgs/srv/camera__type_support.cpp.o\x1b[0m\n'}
[23.169044] (-) TimerEvent: {}
[23.270078] (-) TimerEvent: {}
[23.283449] (plantroid_msgs) StdoutLine: {'line': b'[ 51%] \x1b[32mBuilding CXX object CMakeFiles/plantroid_msgs__rosidl_typesupport_c.dir/rosidl_typesupport_c/plantroid_msgs/srv/neck_servo__type_support.cpp.o\x1b[0m\n'}
[23.370356] (-) TimerEvent: {}
[23.471315] (-) TimerEvent: {}
[23.472449] (plantroid_msgs) StdoutLine: {'line': b'[ 52%] \x1b[32mBuilding CXX object CMakeFiles/plantroid_msgs__rosidl_typesupport_c.dir/rosidl_typesupport_c/plantroid_msgs/srv/sensors__type_support.cpp.o\x1b[0m\n'}
[23.512815] (plantroid_msgs) StdoutLine: {'line': b'[ 54%] \x1b[32mBuilding CXX object CMakeFiles/plantroid_msgs__rosidl_typesupport_introspection_cpp.dir/rosidl_typesupport_introspection_cpp/plantroid_msgs/srv/detail/sensors__type_support.cpp.o\x1b[0m\n'}
[23.571579] (-) TimerEvent: {}
[23.649757] (plantroid_msgs) StdoutLine: {'line': b'[ 55%] \x1b[32mBuilding CXX object CMakeFiles/plantroid_msgs__rosidl_typesupport_c.dir/rosidl_typesupport_c/plantroid_msgs/srv/command__type_support.cpp.o\x1b[0m\n'}
[23.671852] (-) TimerEvent: {}
[23.772895] (-) TimerEvent: {}
[23.835946] (plantroid_msgs) StdoutLine: {'line': b'[ 56%] \x1b[32mBuilding CXX object CMakeFiles/plantroid_msgs__rosidl_typesupport_c.dir/rosidl_typesupport_c/plantroid_msgs/srv/gesture__type_support.cpp.o\x1b[0m\n'}
[23.873136] (-) TimerEvent: {}
[23.974287] (-) TimerEvent: {}
[24.026320] (plantroid_msgs) StdoutLine: {'line': b'[ 57%] \x1b[32m\x1b[1mLinking CXX shared library libplantroid_msgs__rosidl_typesupport_c.so\x1b[0m\n'}
[24.074578] (-) TimerEvent: {}
[24.175771] (-) TimerEvent: {}
[24.246166] (plantroid_msgs) StdoutLine: {'line': b'[ 57%] Built target plantroid_msgs__rosidl_typesupport_c\n'}
[24.276097] (-) TimerEvent: {}
[24.300974] (plantroid_msgs) StdoutLine: {'line': b'[ 58%] \x1b[32mBuilding CXX object CMakeFiles/plantroid_msgs__rosidl_typesupport_introspection_cpp.dir/rosidl_typesupport_introspection_cpp/plantroid_msgs/srv/detail/command__type_support.cpp.o\x1b[0m\n'}
[24.376311] (-) TimerEvent: {}
[24.477195] (-) TimerEvent: {}
[24.578151] (-) TimerEvent: {}
[24.679281] (-) TimerEvent: {}
[24.766894] (plantroid_msgs) StdoutLine: {'line': b'[ 59%] \x1b[32mBuilding CXX object CMakeFiles/plantroid_msgs__rosidl_typesupport_cpp.dir/rosidl_typesupport_cpp/plantroid_msgs/srv/command__type_support.cpp.o\x1b[0m\n'}
[24.779497] (-) TimerEvent: {}
[24.880660] (-) TimerEvent: {}
[24.981788] (-) TimerEvent: {}
[25.082912] (-) TimerEvent: {}
[25.184064] (-) TimerEvent: {}
[25.276676] (plantroid_msgs) StdoutLine: {'line': b'[ 60%] \x1b[32mBuilding CXX object CMakeFiles/plantroid_msgs__rosidl_typesupport_introspection_cpp.dir/rosidl_typesupport_introspection_cpp/plantroid_msgs/srv/detail/gesture__type_support.cpp.o\x1b[0m\n'}
[25.284318] (-) TimerEvent: {}
[25.385325] (-) TimerEvent: {}
[25.486456] (-) TimerEvent: {}
[25.558020] (plantroid_msgs) StdoutLine: {'line': b'[ 62%] \x1b[32mBuilding CXX object CMakeFiles/plantroid_msgs__rosidl_typesupport_fastrtps_cpp.dir/rosidl_typesupport_fastrtps_cpp/plantroid_msgs/srv/detail/dds_fastrtps/neck_servo__type_support.cpp.o\x1b[0m\n'}
[25.586655] (-) TimerEvent: {}
[25.687831] (-) TimerEvent: {}
[25.788833] (-) TimerEvent: {}
[25.889962] (-) TimerEvent: {}
[25.991207] (-) TimerEvent: {}
[26.041690] (plantroid_msgs) StdoutLine: {'line': b'[ 63%] \x1b[32mBuilding CXX object CMakeFiles/plantroid_msgs__rosidl_typesupport_fastrtps_cpp.dir/rosidl_typesupport_fastrtps_cpp/plantroid_msgs/srv/detail/dds_fastrtps/sensors__type_support.cpp.o\x1b[0m\n'}
[26.091434] (-) TimerEvent: {}
[26.192470] (-) TimerEvent: {}
[26.293494] (-) TimerEvent: {}
[26.394502] (-) TimerEvent: {}
[26.495649] (-) TimerEvent: {}
[26.512348] (plantroid_msgs) StdoutLine: {'line': b'[ 64%] \x1b[32mBuilding CXX object CMakeFiles/plantroid_msgs__rosidl_typesupport_cpp.dir/rosidl_typesupport_cpp/plantroid_msgs/srv/gesture__type_support.cpp.o\x1b[0m\n'}
[26.596006] (-) TimerEvent: {}
[26.697291] (-) TimerEvent: {}
[26.798472] (-) TimerEvent: {}
[26.899502] (-) TimerEvent: {}
[26.980825] (plantroid_msgs) StdoutLine: {'line': b'[ 65%] \x1b[32m\x1b[1mLinking CXX shared library libplantroid_msgs__rosidl_typesupport_introspection_cpp.so\x1b[0m\n'}
[26.999795] (-) TimerEvent: {}
[27.101026] (-) TimerEvent: {}
[27.202168] (-) TimerEvent: {}
[27.303382] (-) TimerEvent: {}
[27.337086] (plantroid_msgs) StdoutLine: {'line': b'[ 65%] Built target plantroid_msgs__rosidl_typesupport_introspection_cpp\n'}
[27.388407] (plantroid_msgs) StdoutLine: {'line': b'[ 66%] \x1b[32mBuilding CXX object CMakeFiles/plantroid_msgs__rosidl_typesupport_fastrtps_cpp.dir/rosidl_typesupport_fastrtps_cpp/plantroid_msgs/srv/detail/dds_fastrtps/command__type_support.cpp.o\x1b[0m\n'}
[27.403659] (-) TimerEvent: {}
[27.504856] (-) TimerEvent: {}
[27.605903] (-) TimerEvent: {}
[27.707041] (-) TimerEvent: {}
[27.808041] (-) TimerEvent: {}
[27.909175] (-) TimerEvent: {}
[28.010347] (-) TimerEvent: {}
[28.111461] (-) TimerEvent: {}
[28.212740] (-) TimerEvent: {}
[28.247665] (plantroid_msgs) StdoutLine: {'line': b'[ 67%] \x1b[32mBuilding CXX object CMakeFiles/plantroid_msgs__rosidl_typesupport_fastrtps_cpp.dir/rosidl_typesupport_fastrtps_cpp/plantroid_msgs/srv/detail/dds_fastrtps/gesture__type_support.cpp.o\x1b[0m\n'}
[28.312975] (-) TimerEvent: {}
[28.322401] (plantroid_msgs) StdoutLine: {'line': b'[ 68%] \x1b[32m\x1b[1mLinking CXX shared library libplantroid_msgs__rosidl_typesupport_cpp.so\x1b[0m\n'}
[28.413223] (-) TimerEvent: {}
[28.514319] (-) TimerEvent: {}
[28.534099] (plantroid_msgs) StdoutLine: {'line': b'[ 68%] Built target plantroid_msgs__rosidl_typesupport_cpp\n'}
[28.614513] (-) TimerEvent: {}
[28.716606] (-) TimerEvent: {}
[28.817801] (-) TimerEvent: {}
[28.918659] (-) TimerEvent: {}
[29.019473] (-) TimerEvent: {}
[29.120439] (-) TimerEvent: {}
[29.221415] (-) TimerEvent: {}
[29.322205] (-) TimerEvent: {}
[29.423073] (-) TimerEvent: {}
[29.523881] (-) TimerEvent: {}
[29.624729] (-) TimerEvent: {}
[29.725567] (-) TimerEvent: {}
[29.826408] (-) TimerEvent: {}
[29.927127] (-) TimerEvent: {}
[30.027839] (-) TimerEvent: {}
[30.128752] (-) TimerEvent: {}
[30.229568] (-) TimerEvent: {}
[30.312839] (plantroid_msgs) StdoutLine: {'line': b'[ 70%] \x1b[32m\x1b[1mLinking CXX shared library libplantroid_msgs__rosidl_typesupport_fastrtps_cpp.so\x1b[0m\n'}
[30.329748] (-) TimerEvent: {}
[30.430614] (-) TimerEvent: {}
[30.531510] (-) TimerEvent: {}
[30.632418] (-) TimerEvent: {}
[30.655697] (plantroid_msgs) StdoutLine: {'line': b'[ 70%] Built target plantroid_msgs__rosidl_typesupport_fastrtps_cpp\n'}
[30.705951] (plantroid_msgs) StdoutLine: {'line': b'[ 71%] \x1b[34m\x1b[1mGenerating C type support for eProsima Fast-RTPS\x1b[0m\n'}
[30.732579] (-) TimerEvent: {}
[30.833227] (-) TimerEvent: {}
[30.933862] (-) TimerEvent: {}
[31.034547] (-) TimerEvent: {}
[31.135183] (-) TimerEvent: {}
[31.235824] (-) TimerEvent: {}
[31.336456] (-) TimerEvent: {}
[31.437117] (-) TimerEvent: {}
[31.537753] (-) TimerEvent: {}
[31.638412] (-) TimerEvent: {}
[31.738984] (-) TimerEvent: {}
[31.839563] (-) TimerEvent: {}
[31.940135] (-) TimerEvent: {}
[32.040757] (-) TimerEvent: {}
[32.141361] (-) TimerEvent: {}
[32.241960] (-) TimerEvent: {}
[32.342578] (-) TimerEvent: {}
[32.443185] (-) TimerEvent: {}
[32.543783] (-) TimerEvent: {}
[32.644380] (-) TimerEvent: {}
[32.745001] (-) TimerEvent: {}
[32.845684] (-) TimerEvent: {}
[32.946833] (-) TimerEvent: {}
[33.047784] (-) TimerEvent: {}
[33.077779] (plantroid_msgs) StdoutLine: {'line': b'\x1b[35m\x1b[1mScanning dependencies of target plantroid_msgs__rosidl_typesupport_fastrtps_c\x1b[0m\n'}
[33.147952] (-) TimerEvent: {}
[33.204338] (plantroid_msgs) StdoutLine: {'line': b'[ 72%] \x1b[32mBuilding CXX object CMakeFiles/plantroid_msgs__rosidl_typesupport_fastrtps_c.dir/rosidl_typesupport_fastrtps_c/plantroid_msgs/msg/detail/pose__type_support_c.cpp.o\x1b[0m\n'}
[33.206438] (plantroid_msgs) StdoutLine: {'line': b'[ 74%] \x1b[32mBuilding CXX object CMakeFiles/plantroid_msgs__rosidl_typesupport_fastrtps_c.dir/rosidl_typesupport_fastrtps_c/plantroid_msgs/msg/detail/state__type_support_c.cpp.o\x1b[0m\n'}
[33.207905] (plantroid_msgs) StdoutLine: {'line': b'[ 74%] \x1b[32mBuilding CXX object CMakeFiles/plantroid_msgs__rosidl_typesupport_fastrtps_c.dir/rosidl_typesupport_fastrtps_c/plantroid_msgs/msg/detail/speed__type_support_c.cpp.o\x1b[0m\n'}
[33.216309] (plantroid_msgs) StdoutLine: {'line': b'[ 75%] \x1b[32mBuilding CXX object CMakeFiles/plantroid_msgs__rosidl_typesupport_fastrtps_c.dir/rosidl_typesupport_fastrtps_c/plantroid_msgs/srv/detail/camera__type_support_c.cpp.o\x1b[0m\n'}
[33.248278] (-) TimerEvent: {}
[33.349529] (-) TimerEvent: {}
[33.450543] (-) TimerEvent: {}
[33.551975] (-) TimerEvent: {}
[33.653027] (-) TimerEvent: {}
[33.754015] (-) TimerEvent: {}
[33.855009] (-) TimerEvent: {}
[33.956013] (-) TimerEvent: {}
[34.057012] (-) TimerEvent: {}
[34.158136] (-) TimerEvent: {}
[34.259182] (-) TimerEvent: {}
[34.360401] (-) TimerEvent: {}
[34.461435] (-) TimerEvent: {}
[34.562483] (-) TimerEvent: {}
[34.663599] (-) TimerEvent: {}
[34.764737] (-) TimerEvent: {}
[34.866098] (-) TimerEvent: {}
[34.967275] (-) TimerEvent: {}
[35.072282] (-) TimerEvent: {}
[35.173270] (-) TimerEvent: {}
[35.257475] (plantroid_msgs) StdoutLine: {'line': b'[ 77%] \x1b[32mBuilding CXX object CMakeFiles/plantroid_msgs__rosidl_typesupport_fastrtps_c.dir/rosidl_typesupport_fastrtps_c/plantroid_msgs/srv/detail/neck_servo__type_support_c.cpp.o\x1b[0m\n'}
[35.270151] (plantroid_msgs) StdoutLine: {'line': b'[ 78%] \x1b[32mBuilding CXX object CMakeFiles/plantroid_msgs__rosidl_typesupport_fastrtps_c.dir/rosidl_typesupport_fastrtps_c/plantroid_msgs/srv/detail/sensors__type_support_c.cpp.o\x1b[0m\n'}
[35.273486] (-) TimerEvent: {}
[35.299554] (plantroid_msgs) StdoutLine: {'line': b'[ 79%] \x1b[32mBuilding CXX object CMakeFiles/plantroid_msgs__rosidl_typesupport_fastrtps_c.dir/rosidl_typesupport_fastrtps_c/plantroid_msgs/srv/detail/command__type_support_c.cpp.o\x1b[0m\n'}
[35.373973] (-) TimerEvent: {}
[35.461636] (plantroid_msgs) StdoutLine: {'line': b'[ 80%] \x1b[32mBuilding CXX object CMakeFiles/plantroid_msgs__rosidl_typesupport_fastrtps_c.dir/rosidl_typesupport_fastrtps_c/plantroid_msgs/srv/detail/gesture__type_support_c.cpp.o\x1b[0m\n'}
[35.474154] (-) TimerEvent: {}
[35.575208] (-) TimerEvent: {}
[35.676105] (-) TimerEvent: {}
[35.777109] (-) TimerEvent: {}
[35.878063] (-) TimerEvent: {}
[35.979038] (-) TimerEvent: {}
[36.080039] (-) TimerEvent: {}
[36.180970] (-) TimerEvent: {}
[36.281952] (-) TimerEvent: {}
[36.382989] (-) TimerEvent: {}
[36.484006] (-) TimerEvent: {}
[36.585210] (-) TimerEvent: {}
[36.686386] (-) TimerEvent: {}
[36.787397] (-) TimerEvent: {}
[36.888497] (-) TimerEvent: {}
[36.989796] (-) TimerEvent: {}
[37.090927] (-) TimerEvent: {}
[37.191997] (-) TimerEvent: {}
[37.292949] (-) TimerEvent: {}
[37.394003] (-) TimerEvent: {}
[37.495038] (-) TimerEvent: {}
[37.595932] (-) TimerEvent: {}
[37.652057] (plantroid_msgs) StdoutLine: {'line': b'[ 81%] \x1b[32m\x1b[1mLinking CXX shared library libplantroid_msgs__rosidl_typesupport_fastrtps_c.so\x1b[0m\n'}
[37.696074] (-) TimerEvent: {}
[37.796847] (-) TimerEvent: {}
[37.897755] (-) TimerEvent: {}
[37.992323] (plantroid_msgs) StdoutLine: {'line': b'[ 81%] Built target plantroid_msgs__rosidl_typesupport_fastrtps_c\n'}
[37.997922] (-) TimerEvent: {}
[38.037311] (plantroid_msgs) StdoutLine: {'line': b'\x1b[35m\x1b[1mScanning dependencies of target plantroid_msgs\x1b[0m\n'}
[38.086959] (plantroid_msgs) StdoutLine: {'line': b'[ 81%] Built target plantroid_msgs\n'}
[38.098116] (-) TimerEvent: {}
[38.135162] (plantroid_msgs) StdoutLine: {'line': b'\x1b[35m\x1b[1mScanning dependencies of target plantroid_msgs__py\x1b[0m\n'}
[38.183357] (plantroid_msgs) StdoutLine: {'line': b'[ 82%] \x1b[34m\x1b[1mGenerating Python code for ROS interfaces\x1b[0m\n'}
[38.198382] (-) TimerEvent: {}
[38.299272] (-) TimerEvent: {}
[38.399964] (-) TimerEvent: {}
[38.500715] (-) TimerEvent: {}
[38.601380] (-) TimerEvent: {}
[38.702035] (-) TimerEvent: {}
[38.802721] (-) TimerEvent: {}
[38.903357] (-) TimerEvent: {}
[39.004020] (-) TimerEvent: {}
[39.104845] (-) TimerEvent: {}
[39.205629] (-) TimerEvent: {}
[39.306343] (-) TimerEvent: {}
[39.406991] (-) TimerEvent: {}
[39.507639] (-) TimerEvent: {}
[39.608263] (-) TimerEvent: {}
[39.708923] (-) TimerEvent: {}
[39.809544] (-) TimerEvent: {}
[39.910154] (-) TimerEvent: {}
[40.022329] (-) TimerEvent: {}
[40.122951] (-) TimerEvent: {}
[40.223569] (-) TimerEvent: {}
[40.324206] (-) TimerEvent: {}
[40.424868] (-) TimerEvent: {}
[40.525517] (-) TimerEvent: {}
[40.626163] (-) TimerEvent: {}
[40.726864] (-) TimerEvent: {}
[40.827552] (-) TimerEvent: {}
[40.928172] (-) TimerEvent: {}
[41.028851] (-) TimerEvent: {}
[41.129509] (-) TimerEvent: {}
[41.230161] (-) TimerEvent: {}
[41.330802] (-) TimerEvent: {}
[41.431425] (-) TimerEvent: {}
[41.532044] (-) TimerEvent: {}
[41.632668] (-) TimerEvent: {}
[41.733297] (-) TimerEvent: {}
[41.833930] (-) TimerEvent: {}
[41.934578] (-) TimerEvent: {}
[42.035187] (-) TimerEvent: {}
[42.135815] (-) TimerEvent: {}
[42.236457] (-) TimerEvent: {}
[42.337068] (-) TimerEvent: {}
[42.437698] (-) TimerEvent: {}
[42.538378] (-) TimerEvent: {}
[42.638998] (-) TimerEvent: {}
[42.739609] (-) TimerEvent: {}
[42.840220] (-) TimerEvent: {}
[42.940947] (-) TimerEvent: {}
[43.042172] (-) TimerEvent: {}
[43.143349] (-) TimerEvent: {}
[43.244223] (-) TimerEvent: {}
[43.249950] (plantroid_msgs) StdoutLine: {'line': b'[ 82%] Built target plantroid_msgs__py\n'}
[43.295259] (plantroid_msgs) StdoutLine: {'line': b'\x1b[35m\x1b[1mScanning dependencies of target plantroid_msgs__python\x1b[0m\n'}
[43.344389] (-) TimerEvent: {}
[43.445103] (-) TimerEvent: {}
[43.477904] (plantroid_msgs) StdoutLine: {'line': b'[ 85%] \x1b[32mBuilding C object CMakeFiles/plantroid_msgs__python.dir/rosidl_generator_py/plantroid_msgs/msg/_speed_s.c.o\x1b[0m\n'}
[43.479356] (plantroid_msgs) StdoutLine: {'line': b'[ 85%] \x1b[32mBuilding C object CMakeFiles/plantroid_msgs__python.dir/rosidl_generator_py/plantroid_msgs/msg/_pose_s.c.o\x1b[0m\n'}
[43.480860] (plantroid_msgs) StdoutLine: {'line': b'[ 86%] \x1b[32mBuilding C object CMakeFiles/plantroid_msgs__python.dir/rosidl_generator_py/plantroid_msgs/msg/_state_s.c.o\x1b[0m\n'}
[43.484073] (plantroid_msgs) StdoutLine: {'line': b'[ 87%] \x1b[32mBuilding C object CMakeFiles/plantroid_msgs__python.dir/rosidl_generator_py/plantroid_msgs/srv/_camera_s.c.o\x1b[0m\n'}
[43.545371] (-) TimerEvent: {}
[43.646481] (-) TimerEvent: {}
[43.747443] (-) TimerEvent: {}
[43.848365] (-) TimerEvent: {}
[43.949483] (-) TimerEvent: {}
[43.979754] (plantroid_msgs) StdoutLine: {'line': b'[ 88%] \x1b[32mBuilding C object CMakeFiles/plantroid_msgs__python.dir/rosidl_generator_py/plantroid_msgs/srv/_sensors_s.c.o\x1b[0m\n'}
[43.985577] (plantroid_msgs) StdoutLine: {'line': b'[ 89%] \x1b[32mBuilding C object CMakeFiles/plantroid_msgs__python.dir/rosidl_generator_py/plantroid_msgs/srv/_neck_servo_s.c.o\x1b[0m\n'}
[43.989976] (plantroid_msgs) StdoutLine: {'line': b'[ 90%] \x1b[32mBuilding C object CMakeFiles/plantroid_msgs__python.dir/rosidl_generator_py/plantroid_msgs/srv/_command_s.c.o\x1b[0m\n'}
[44.049724] (-) TimerEvent: {}
[44.076786] (plantroid_msgs) StdoutLine: {'line': b'[ 91%] \x1b[32mBuilding C object CMakeFiles/plantroid_msgs__python.dir/rosidl_generator_py/plantroid_msgs/srv/_gesture_s.c.o\x1b[0m\n'}
[44.149983] (-) TimerEvent: {}
[44.250942] (-) TimerEvent: {}
[44.351901] (-) TimerEvent: {}
[44.452919] (-) TimerEvent: {}
[44.554261] (-) TimerEvent: {}
[44.609334] (plantroid_msgs) StdoutLine: {'line': b'[ 93%] \x1b[32m\x1b[1mLinking C shared library rosidl_generator_py/plantroid_msgs/libplantroid_msgs__python.so\x1b[0m\n'}
[44.654437] (-) TimerEvent: {}
[44.755212] (-) TimerEvent: {}
[44.797935] (plantroid_msgs) StdoutLine: {'line': b'[ 93%] Built target plantroid_msgs__python\n'}
[44.849661] (plantroid_msgs) StdoutLine: {'line': b'\x1b[35m\x1b[1mScanning dependencies of target plantroid_msgs__rosidl_typesupport_c__pyext\x1b[0m\n'}
[44.850538] (plantroid_msgs) StdoutLine: {'line': b'\x1b[35m\x1b[1mScanning dependencies of target plantroid_msgs__rosidl_typesupport_fastrtps_c__pyext\x1b[0m\n'}
[44.855391] (-) TimerEvent: {}
[44.857621] (plantroid_msgs) StdoutLine: {'line': b'\x1b[35m\x1b[1mScanning dependencies of target plantroid_msgs__rosidl_typesupport_introspection_c__pyext\x1b[0m\n'}
[44.941636] (plantroid_msgs) StdoutLine: {'line': b'[ 94%] \x1b[32mBuilding C object CMakeFiles/plantroid_msgs__rosidl_typesupport_c__pyext.dir/rosidl_generator_py/plantroid_msgs/_plantroid_msgs_s.ep.rosidl_typesupport_c.c.o\x1b[0m\n'}
[44.955578] (-) TimerEvent: {}
[44.973151] (plantroid_msgs) StdoutLine: {'line': b'[ 95%] \x1b[32mBuilding C object CMakeFiles/plantroid_msgs__rosidl_typesupport_introspection_c__pyext.dir/rosidl_generator_py/plantroid_msgs/_plantroid_msgs_s.ep.rosidl_typesupport_introspection_c.c.o\x1b[0m\n'}
[44.976938] (plantroid_msgs) StdoutLine: {'line': b'[ 96%] \x1b[32mBuilding C object CMakeFiles/plantroid_msgs__rosidl_typesupport_fastrtps_c__pyext.dir/rosidl_generator_py/plantroid_msgs/_plantroid_msgs_s.ep.rosidl_typesupport_fastrtps_c.c.o\x1b[0m\n'}
[45.055799] (-) TimerEvent: {}
[45.157168] (-) TimerEvent: {}
[45.258775] (-) TimerEvent: {}
[45.360914] (-) TimerEvent: {}
[45.462710] (-) TimerEvent: {}
[45.564845] (-) TimerEvent: {}
[45.571353] (plantroid_msgs) StdoutLine: {'line': b'[ 97%] \x1b[32m\x1b[1mLinking C shared library rosidl_generator_py/plantroid_msgs/plantroid_msgs_s__rosidl_typesupport_c.cpython-38-aarch64-linux-gnu.so\x1b[0m\n'}
[45.598607] (plantroid_msgs) StdoutLine: {'line': b'[ 98%] \x1b[32m\x1b[1mLinking C shared library rosidl_generator_py/plantroid_msgs/plantroid_msgs_s__rosidl_typesupport_introspection_c.cpython-38-aarch64-linux-gnu.so\x1b[0m\n'}
[45.625098] (plantroid_msgs) StdoutLine: {'line': b'[100%] \x1b[32m\x1b[1mLinking CXX shared library rosidl_generator_py/plantroid_msgs/plantroid_msgs_s__rosidl_typesupport_fastrtps_c.cpython-38-aarch64-linux-gnu.so\x1b[0m\n'}
[45.665169] (-) TimerEvent: {}
[45.767533] (-) TimerEvent: {}
[45.772350] (plantroid_msgs) StdoutLine: {'line': b'[100%] Built target plantroid_msgs__rosidl_typesupport_c__pyext\n'}
[45.806318] (plantroid_msgs) StdoutLine: {'line': b'[100%] Built target plantroid_msgs__rosidl_typesupport_introspection_c__pyext\n'}
[45.867744] (-) TimerEvent: {}
[45.937356] (plantroid_msgs) StdoutLine: {'line': b'[100%] Built target plantroid_msgs__rosidl_typesupport_fastrtps_c__pyext\n'}
[45.967901] (-) TimerEvent: {}
[45.989773] (plantroid_msgs) CommandEnded: {'returncode': 0}
[46.068158] (-) TimerEvent: {}
[46.169121] (-) TimerEvent: {}
[46.269802] (-) TimerEvent: {}
[46.370976] (-) TimerEvent: {}
[46.471810] (-) TimerEvent: {}
[46.572487] (-) TimerEvent: {}
[46.673149] (-) TimerEvent: {}
[46.773872] (-) TimerEvent: {}
[46.874592] (-) TimerEvent: {}
[46.880120] (plantroid_msgs) JobProgress: {'identifier': 'plantroid_msgs', 'progress': 'install'}
[46.924983] (plantroid_msgs) Command: {'cmd': ['/usr/bin/cmake', '--install', '/home/plantroid/plantroid_ws/src/plantroid_msgs/build/plantroid_msgs'], 'cwd': '/home/plantroid/plantroid_ws/src/plantroid_msgs/build/plantroid_msgs', 'env': OrderedDict([('LESSOPEN', '| /usr/bin/lesspipe %s'), ('USER', 'plantroid'), ('SSH_CLIENT', '192.168.205.19 38742 22'), ('LC_TIME', 'ja_JP.UTF-8'), ('XDG_SESSION_TYPE', 'tty'), ('SHLVL', '1'), ('LD_LIBRARY_PATH', '/home/plantroid/plantroid_ws/install/plantroid_msgs/lib:/opt/ros/foxy/opt/yaml_cpp_vendor/lib:/opt/ros/foxy/lib/aarch64-linux-gnu:/opt/ros/foxy/lib'), ('MOTD_SHOWN', 'pam'), ('HOME', '/home/plantroid'), ('OLDPWD', '/home/plantroid/plantroid_ws'), ('SSH_TTY', '/dev/pts/2'), ('ROS_PYTHON_VERSION', '3'), ('GTK_MODULES', 'appmenu-gtk-module'), ('LC_MONETARY', 'ja_JP.UTF-8'), ('DBUS_SESSION_BUS_ADDRESS', 'unix:path=/run/user/1000/bus'), ('UBUNTU_MENUPROXY', '1'), ('COLCON_PREFIX_PATH', '/home/plantroid/plantroid_ws/install'), ('ROS_DISTRO', 'foxy'), ('LOGNAME', 'plantroid'), ('_', '/usr/bin/colcon'), ('ROS_VERSION', '2'), ('XDG_SESSION_CLASS', 'user'), ('TERM', 'xterm-256color'), ('XDG_SESSION_ID', '312'), ('ROS_LOCALHOST_ONLY', '0'), ('PATH', '/home/plantroid/.local/bin:/opt/ros/foxy/bin:/usr/local/sbin:/usr/local/bin:/usr/sbin:/usr/bin:/sbin:/bin:/usr/games:/usr/local/games:/snap/bin'), ('LC_ADDRESS', 'ja_JP.UTF-8'), ('XDG_RUNTIME_DIR', '/run/user/1000'), ('LANG', 'en_US.UTF-8'), ('LC_TELEPHONE', 'ja_JP.UTF-8'), ('LS_COLORS', 'rs=0:di=01;34:ln=01;36:mh=00:pi=40;33:so=01;35:do=01;35:bd=40;33;01:cd=40;33;01:or=40;31;01:mi=00:su=37;41:sg=30;43:ca=30;41:tw=30;42:ow=34;42:st=37;44:ex=01;32:*.tar=01;31:*.tgz=01;31:*.arc=01;31:*.arj=01;31:*.taz=01;31:*.lha=01;31:*.lz4=01;31:*.lzh=01;31:*.lzma=01;31:*.tlz=01;31:*.txz=01;31:*.tzo=01;31:*.t7z=01;31:*.zip=01;31:*.z=01;31:*.dz=01;31:*.gz=01;31:*.lrz=01;31:*.lz=01;31:*.lzo=01;31:*.xz=01;31:*.zst=01;31:*.tzst=01;31:*.bz2=01;31:*.bz=01;31:*.tbz=01;31:*.tbz2=01;31:*.tz=01;31:*.deb=01;31:*.rpm=01;31:*.jar=01;31:*.war=01;31:*.ear=01;31:*.sar=01;31:*.rar=01;31:*.alz=01;31:*.ace=01;31:*.zoo=01;31:*.cpio=01;31:*.7z=01;31:*.rz=01;31:*.cab=01;31:*.wim=01;31:*.swm=01;31:*.dwm=01;31:*.esd=01;31:*.jpg=01;35:*.jpeg=01;35:*.mjpg=01;35:*.mjpeg=01;35:*.gif=01;35:*.bmp=01;35:*.pbm=01;35:*.pgm=01;35:*.ppm=01;35:*.tga=01;35:*.xbm=01;35:*.xpm=01;35:*.tif=01;35:*.tiff=01;35:*.png=01;35:*.svg=01;35:*.svgz=01;35:*.mng=01;35:*.pcx=01;35:*.mov=01;35:*.mpg=01;35:*.mpeg=01;35:*.m2v=01;35:*.mkv=01;35:*.webm=01;35:*.ogm=01;35:*.mp4=01;35:*.m4v=01;35:*.mp4v=01;35:*.vob=01;35:*.qt=01;35:*.nuv=01;35:*.wmv=01;35:*.asf=01;35:*.rm=01;35:*.rmvb=01;35:*.flc=01;35:*.avi=01;35:*.fli=01;35:*.flv=01;35:*.gl=01;35:*.dl=01;35:*.xcf=01;35:*.xwd=01;35:*.yuv=01;35:*.cgm=01;35:*.emf=01;35:*.ogv=01;35:*.ogx=01;35:*.aac=00;36:*.au=00;36:*.flac=00;36:*.m4a=00;36:*.mid=00;36:*.midi=00;36:*.mka=00;36:*.mp3=00;36:*.mpc=00;36:*.ogg=00;36:*.ra=00;36:*.wav=00;36:*.oga=00;36:*.opus=00;36:*.spx=00;36:*.xspf=00;36:'), ('AMENT_PREFIX_PATH', '/home/plantroid/plantroid_ws/install/plantroid_gui:/home/plantroid/plantroid_ws/install/plantroid_msgs:/opt/ros/foxy'), ('SHELL', '/bin/bash'), ('LC_NAME', 'ja_JP.UTF-8'), ('LESSCLOSE', '/usr/bin/lesspipe %s %s'), ('LC_MEASUREMENT', 'ja_JP.UTF-8'), ('LC_IDENTIFICATION', 'ja_JP.UTF-8'), ('PWD', '/home/plantroid/plantroid_ws/src/plantroid_msgs/build/plantroid_msgs'), ('SSH_CONNECTION', '192.168.205.19 38742 192.168.205.15 22'), ('XDG_DATA_DIRS', '/usr/local/share:/usr/share:/var/lib/snapd/desktop'), ('PYTHONPATH', '/home/plantroid/plantroid_ws/install/plantroid_gui/lib/python3.8/site-packages:/home/plantroid/plantroid_ws/install/plantroid_msgs/lib/python3.8/site-packages:/opt/ros/foxy/lib/python3.8/site-packages'), ('LC_NUMERIC', 'ja_JP.UTF-8'), ('LC_PAPER', 'ja_JP.UTF-8'), ('COLCON', '1'), ('CMAKE_PREFIX_PATH', '/home/plantroid/plantroid_ws/install/plantroid_msgs:/home/plantroid/plantroid_ws/install/plantroid_gui:/opt/ros/foxy')]), 'shell': False}
[46.970732] (plantroid_msgs) StdoutLine: {'line': b'-- Install configuration: ""\n'}
[46.971686] (plantroid_msgs) StdoutLine: {'line': b'-- Installing: /home/plantroid/plantroid_ws/src/plantroid_msgs/install/plantroid_msgs/share/ament_index/resource_index/rosidl_interfaces/plantroid_msgs\n'}
[46.973105] (plantroid_msgs) StdoutLine: {'line': b'-- Installing: /home/plantroid/plantroid_ws/src/plantroid_msgs/install/plantroid_msgs/include/plantroid_msgs\n'}
[46.973706] (plantroid_msgs) StdoutLine: {'line': b'-- Installing: /home/plantroid/plantroid_ws/src/plantroid_msgs/install/plantroid_msgs/include/plantroid_msgs/msg\n'}
[46.974394] (plantroid_msgs) StdoutLine: {'line': b'-- Installing: /home/plantroid/plantroid_ws/src/plantroid_msgs/install/plantroid_msgs/include/plantroid_msgs/msg/rosidl_generator_c__visibility_control.h\n'}
[46.974805] (-) TimerEvent: {}
[46.975632] (plantroid_msgs) StdoutLine: {'line': b'-- Installing: /home/plantroid/plantroid_ws/src/plantroid_msgs/install/plantroid_msgs/include/plantroid_msgs/msg/pose.h\n'}
[46.976632] (plantroid_msgs) StdoutLine: {'line': b'-- Installing: /home/plantroid/plantroid_ws/src/plantroid_msgs/install/plantroid_msgs/include/plantroid_msgs/msg/state.h\n'}
[46.977614] (plantroid_msgs) StdoutLine: {'line': b'-- Installing: /home/plantroid/plantroid_ws/src/plantroid_msgs/install/plantroid_msgs/include/plantroid_msgs/msg/speed.h\n'}
[46.978559] (plantroid_msgs) StdoutLine: {'line': b'-- Installing: /home/plantroid/plantroid_ws/src/plantroid_msgs/install/plantroid_msgs/include/plantroid_msgs/msg/detail\n'}
[46.979325] (plantroid_msgs) StdoutLine: {'line': b'-- Installing: /home/plantroid/plantroid_ws/src/plantroid_msgs/install/plantroid_msgs/include/plantroid_msgs/msg/detail/pose__functions.h\n'}
[46.980442] (plantroid_msgs) StdoutLine: {'line': b'-- Installing: /home/plantroid/plantroid_ws/src/plantroid_msgs/install/plantroid_msgs/include/plantroid_msgs/msg/detail/pose__type_support.h\n'}
[46.981491] (plantroid_msgs) StdoutLine: {'line': b'-- Installing: /home/plantroid/plantroid_ws/src/plantroid_msgs/install/plantroid_msgs/include/plantroid_msgs/msg/detail/speed__type_support.h\n'}
[46.982576] (plantroid_msgs) StdoutLine: {'line': b'-- Installing: /home/plantroid/plantroid_ws/src/plantroid_msgs/install/plantroid_msgs/include/plantroid_msgs/msg/detail/pose__struct.h\n'}
[46.983590] (plantroid_msgs) StdoutLine: {'line': b'-- Installing: /home/plantroid/plantroid_ws/src/plantroid_msgs/install/plantroid_msgs/include/plantroid_msgs/msg/detail/state__functions.h\n'}
[46.984663] (plantroid_msgs) StdoutLine: {'line': b'-- Installing: /home/plantroid/plantroid_ws/src/plantroid_msgs/install/plantroid_msgs/include/plantroid_msgs/msg/detail/state__functions.c\n'}
[46.985696] (plantroid_msgs) StdoutLine: {'line': b'-- Installing: /home/plantroid/plantroid_ws/src/plantroid_msgs/install/plantroid_msgs/include/plantroid_msgs/msg/detail/speed__functions.c\n'}
[46.986786] (plantroid_msgs) StdoutLine: {'line': b'-- Installing: /home/plantroid/plantroid_ws/src/plantroid_msgs/install/plantroid_msgs/include/plantroid_msgs/msg/detail/pose__functions.c\n'}
[46.987801] (plantroid_msgs) StdoutLine: {'line': b'-- Installing: /home/plantroid/plantroid_ws/src/plantroid_msgs/install/plantroid_msgs/include/plantroid_msgs/msg/detail/speed__struct.h\n'}
[46.988859] (plantroid_msgs) StdoutLine: {'line': b'-- Installing: /home/plantroid/plantroid_ws/src/plantroid_msgs/install/plantroid_msgs/include/plantroid_msgs/msg/detail/state__type_support.h\n'}
[46.989874] (plantroid_msgs) StdoutLine: {'line': b'-- Installing: /home/plantroid/plantroid_ws/src/plantroid_msgs/install/plantroid_msgs/include/plantroid_msgs/msg/detail/state__struct.h\n'}
[46.990980] (plantroid_msgs) StdoutLine: {'line': b'-- Installing: /home/plantroid/plantroid_ws/src/plantroid_msgs/install/plantroid_msgs/include/plantroid_msgs/msg/detail/speed__functions.h\n'}
[46.991950] (plantroid_msgs) StdoutLine: {'line': b'-- Installing: /home/plantroid/plantroid_ws/src/plantroid_msgs/install/plantroid_msgs/include/plantroid_msgs/srv\n'}
[46.992602] (plantroid_msgs) StdoutLine: {'line': b'-- Installing: /home/plantroid/plantroid_ws/src/plantroid_msgs/install/plantroid_msgs/include/plantroid_msgs/srv/sensors.h\n'}
[46.993631] (plantroid_msgs) StdoutLine: {'line': b'-- Installing: /home/plantroid/plantroid_ws/src/plantroid_msgs/install/plantroid_msgs/include/plantroid_msgs/srv/command.h\n'}
[46.994640] (plantroid_msgs) StdoutLine: {'line': b'-- Installing: /home/plantroid/plantroid_ws/src/plantroid_msgs/install/plantroid_msgs/include/plantroid_msgs/srv/neck_servo.h\n'}
[46.995597] (plantroid_msgs) StdoutLine: {'line': b'-- Installing: /home/plantroid/plantroid_ws/src/plantroid_msgs/install/plantroid_msgs/include/plantroid_msgs/srv/gesture.h\n'}
[46.996541] (plantroid_msgs) StdoutLine: {'line': b'-- Installing: /home/plantroid/plantroid_ws/src/plantroid_msgs/install/plantroid_msgs/include/plantroid_msgs/srv/camera.h\n'}
[46.997470] (plantroid_msgs) StdoutLine: {'line': b'-- Installing: /home/plantroid/plantroid_ws/src/plantroid_msgs/install/plantroid_msgs/include/plantroid_msgs/srv/detail\n'}
[46.998367] (plantroid_msgs) StdoutLine: {'line': b'-- Installing: /home/plantroid/plantroid_ws/src/plantroid_msgs/install/plantroid_msgs/include/plantroid_msgs/srv/detail/camera__functions.h\n'}
[46.999501] (plantroid_msgs) StdoutLine: {'line': b'-- Installing: /home/plantroid/plantroid_ws/src/plantroid_msgs/install/plantroid_msgs/include/plantroid_msgs/srv/detail/neck_servo__type_support.h\n'}
[47.000552] (plantroid_msgs) StdoutLine: {'line': b'-- Installing: /home/plantroid/plantroid_ws/src/plantroid_msgs/install/plantroid_msgs/include/plantroid_msgs/srv/detail/command__struct.h\n'}
[47.001616] (plantroid_msgs) StdoutLine: {'line': b'-- Installing: /home/plantroid/plantroid_ws/src/plantroid_msgs/install/plantroid_msgs/include/plantroid_msgs/srv/detail/camera__type_support.h\n'}
[47.002734] (plantroid_msgs) StdoutLine: {'line': b'-- Installing: /home/plantroid/plantroid_ws/src/plantroid_msgs/install/plantroid_msgs/include/plantroid_msgs/srv/detail/camera__struct.h\n'}
[47.003777] (plantroid_msgs) StdoutLine: {'line': b'-- Installing: /home/plantroid/plantroid_ws/src/plantroid_msgs/install/plantroid_msgs/include/plantroid_msgs/srv/detail/gesture__struct.h\n'}
[47.004823] (plantroid_msgs) StdoutLine: {'line': b'-- Installing: /home/plantroid/plantroid_ws/src/plantroid_msgs/install/plantroid_msgs/include/plantroid_msgs/srv/detail/sensors__type_support.h\n'}
[47.005877] (plantroid_msgs) StdoutLine: {'line': b'-- Installing: /home/plantroid/plantroid_ws/src/plantroid_msgs/install/plantroid_msgs/include/plantroid_msgs/srv/detail/neck_servo__functions.c\n'}
[47.007073] (plantroid_msgs) StdoutLine: {'line': b'-- Installing: /home/plantroid/plantroid_ws/src/plantroid_msgs/install/plantroid_msgs/include/plantroid_msgs/srv/detail/camera__functions.c\n'}
[47.008130] (plantroid_msgs) StdoutLine: {'line': b'-- Installing: /home/plantroid/plantroid_ws/src/plantroid_msgs/install/plantroid_msgs/include/plantroid_msgs/srv/detail/neck_servo__struct.h\n'}
[47.009207] (plantroid_msgs) StdoutLine: {'line': b'-- Installing: /home/plantroid/plantroid_ws/src/plantroid_msgs/install/plantroid_msgs/include/plantroid_msgs/srv/detail/sensors__struct.h\n'}
[47.010274] (plantroid_msgs) StdoutLine: {'line': b'-- Installing: /home/plantroid/plantroid_ws/src/plantroid_msgs/install/plantroid_msgs/include/plantroid_msgs/srv/detail/command__functions.h\n'}
[47.011362] (plantroid_msgs) StdoutLine: {'line': b'-- Installing: /home/plantroid/plantroid_ws/src/plantroid_msgs/install/plantroid_msgs/include/plantroid_msgs/srv/detail/sensors__functions.h\n'}
[47.012463] (plantroid_msgs) StdoutLine: {'line': b'-- Installing: /home/plantroid/plantroid_ws/src/plantroid_msgs/install/plantroid_msgs/include/plantroid_msgs/srv/detail/gesture__functions.h\n'}
[47.013531] (plantroid_msgs) StdoutLine: {'line': b'-- Installing: /home/plantroid/plantroid_ws/src/plantroid_msgs/install/plantroid_msgs/include/plantroid_msgs/srv/detail/command__functions.c\n'}
[47.014672] (plantroid_msgs) StdoutLine: {'line': b'-- Installing: /home/plantroid/plantroid_ws/src/plantroid_msgs/install/plantroid_msgs/include/plantroid_msgs/srv/detail/command__type_support.h\n'}
[47.015745] (plantroid_msgs) StdoutLine: {'line': b'-- Installing: /home/plantroid/plantroid_ws/src/plantroid_msgs/install/plantroid_msgs/include/plantroid_msgs/srv/detail/neck_servo__functions.h\n'}
[47.016872] (plantroid_msgs) StdoutLine: {'line': b'-- Installing: /home/plantroid/plantroid_ws/src/plantroid_msgs/install/plantroid_msgs/include/plantroid_msgs/srv/detail/sensors__functions.c\n'}
[47.017955] (plantroid_msgs) StdoutLine: {'line': b'-- Installing: /home/plantroid/plantroid_ws/src/plantroid_msgs/install/plantroid_msgs/include/plantroid_msgs/srv/detail/gesture__functions.c\n'}
[47.019126] (plantroid_msgs) StdoutLine: {'line': b'-- Installing: /home/plantroid/plantroid_ws/src/plantroid_msgs/install/plantroid_msgs/include/plantroid_msgs/srv/detail/gesture__type_support.h\n'}
[47.020799] (plantroid_msgs) StdoutLine: {'line': b'-- Installing: /home/plantroid/plantroid_ws/src/plantroid_msgs/install/plantroid_msgs/share/plantroid_msgs/environment/library_path.sh\n'}
[47.022081] (plantroid_msgs) StdoutLine: {'line': b'-- Installing: /home/plantroid/plantroid_ws/src/plantroid_msgs/install/plantroid_msgs/share/plantroid_msgs/environment/library_path.dsv\n'}
[47.023787] (plantroid_msgs) StdoutLine: {'line': b'-- Installing: /home/plantroid/plantroid_ws/src/plantroid_msgs/install/plantroid_msgs/lib/libplantroid_msgs__rosidl_generator_c.so\n'}
[47.026575] (plantroid_msgs) StdoutLine: {'line': b'-- Set runtime path of "/home/plantroid/plantroid_ws/src/plantroid_msgs/install/plantroid_msgs/lib/libplantroid_msgs__rosidl_generator_c.so" to ""\n'}
[47.027142] (plantroid_msgs) StdoutLine: {'line': b'-- Up-to-date: /home/plantroid/plantroid_ws/src/plantroid_msgs/install/plantroid_msgs/include/plantroid_msgs\n'}
[47.027587] (plantroid_msgs) StdoutLine: {'line': b'-- Up-to-date: /home/plantroid/plantroid_ws/src/plantroid_msgs/install/plantroid_msgs/include/plantroid_msgs/msg\n'}
[47.028004] (plantroid_msgs) StdoutLine: {'line': b'-- Installing: /home/plantroid/plantroid_ws/src/plantroid_msgs/install/plantroid_msgs/include/plantroid_msgs/msg/rosidl_typesupport_fastrtps_c__visibility_control.h\n'}
[47.028971] (plantroid_msgs) StdoutLine: {'line': b'-- Up-to-date: /home/plantroid/plantroid_ws/src/plantroid_msgs/install/plantroid_msgs/include/plantroid_msgs/msg/detail\n'}
[47.029493] (plantroid_msgs) StdoutLine: {'line': b'-- Installing: /home/plantroid/plantroid_ws/src/plantroid_msgs/install/plantroid_msgs/include/plantroid_msgs/msg/detail/speed__rosidl_typesupport_fastrtps_c.h\n'}
[47.030731] (plantroid_msgs) StdoutLine: {'line': b'-- Installing: /home/plantroid/plantroid_ws/src/plantroid_msgs/install/plantroid_msgs/include/plantroid_msgs/msg/detail/pose__rosidl_typesupport_fastrtps_c.h\n'}
[47.031844] (plantroid_msgs) StdoutLine: {'line': b'-- Installing: /home/plantroid/plantroid_ws/src/plantroid_msgs/install/plantroid_msgs/include/plantroid_msgs/msg/detail/state__rosidl_typesupport_fastrtps_c.h\n'}
[47.032873] (plantroid_msgs) StdoutLine: {'line': b'-- Up-to-date: /home/plantroid/plantroid_ws/src/plantroid_msgs/install/plantroid_msgs/include/plantroid_msgs/srv\n'}
[47.033328] (plantroid_msgs) StdoutLine: {'line': b'-- Up-to-date: /home/plantroid/plantroid_ws/src/plantroid_msgs/install/plantroid_msgs/include/plantroid_msgs/srv/detail\n'}
[47.033789] (plantroid_msgs) StdoutLine: {'line': b'-- Installing: /home/plantroid/plantroid_ws/src/plantroid_msgs/install/plantroid_msgs/include/plantroid_msgs/srv/detail/command__rosidl_typesupport_fastrtps_c.h\n'}
[47.035114] (plantroid_msgs) StdoutLine: {'line': b'-- Installing: /home/plantroid/plantroid_ws/src/plantroid_msgs/install/plantroid_msgs/include/plantroid_msgs/srv/detail/gesture__rosidl_typesupport_fastrtps_c.h\n'}
[47.036253] (plantroid_msgs) StdoutLine: {'line': b'-- Installing: /home/plantroid/plantroid_ws/src/plantroid_msgs/install/plantroid_msgs/include/plantroid_msgs/srv/detail/sensors__rosidl_typesupport_fastrtps_c.h\n'}
[47.037412] (plantroid_msgs) StdoutLine: {'line': b'-- Installing: /home/plantroid/plantroid_ws/src/plantroid_msgs/install/plantroid_msgs/include/plantroid_msgs/srv/detail/camera__rosidl_typesupport_fastrtps_c.h\n'}
[47.038606] (plantroid_msgs) StdoutLine: {'line': b'-- Installing: /home/plantroid/plantroid_ws/src/plantroid_msgs/install/plantroid_msgs/include/plantroid_msgs/srv/detail/neck_servo__rosidl_typesupport_fastrtps_c.h\n'}
[47.040239] (plantroid_msgs) StdoutLine: {'line': b'-- Installing: /home/plantroid/plantroid_ws/src/plantroid_msgs/install/plantroid_msgs/lib/libplantroid_msgs__rosidl_typesupport_fastrtps_c.so\n'}
[47.043267] (plantroid_msgs) StdoutLine: {'line': b'-- Set runtime path of "/home/plantroid/plantroid_ws/src/plantroid_msgs/install/plantroid_msgs/lib/libplantroid_msgs__rosidl_typesupport_fastrtps_c.so" to ""\n'}
[47.043824] (plantroid_msgs) StdoutLine: {'line': b'-- Up-to-date: /home/plantroid/plantroid_ws/src/plantroid_msgs/install/plantroid_msgs/include/plantroid_msgs\n'}
[47.044262] (plantroid_msgs) StdoutLine: {'line': b'-- Up-to-date: /home/plantroid/plantroid_ws/src/plantroid_msgs/install/plantroid_msgs/include/plantroid_msgs/msg\n'}
[47.044675] (plantroid_msgs) StdoutLine: {'line': b'-- Installing: /home/plantroid/plantroid_ws/src/plantroid_msgs/install/plantroid_msgs/include/plantroid_msgs/msg/rosidl_typesupport_fastrtps_cpp__visibility_control.h\n'}
[47.045668] (plantroid_msgs) StdoutLine: {'line': b'-- Up-to-date: /home/plantroid/plantroid_ws/src/plantroid_msgs/install/plantroid_msgs/include/plantroid_msgs/msg/detail\n'}
[47.046191] (plantroid_msgs) StdoutLine: {'line': b'-- Installing: /home/plantroid/plantroid_ws/src/plantroid_msgs/install/plantroid_msgs/include/plantroid_msgs/msg/detail/speed__rosidl_typesupport_fastrtps_cpp.hpp\n'}
[47.047350] (plantroid_msgs) StdoutLine: {'line': b'-- Installing: /home/plantroid/plantroid_ws/src/plantroid_msgs/install/plantroid_msgs/include/plantroid_msgs/msg/detail/dds_fastrtps\n'}
[47.048111] (plantroid_msgs) StdoutLine: {'line': b'-- Installing: /home/plantroid/plantroid_ws/src/plantroid_msgs/install/plantroid_msgs/include/plantroid_msgs/msg/detail/pose__rosidl_typesupport_fastrtps_cpp.hpp\n'}
[47.049334] (plantroid_msgs) StdoutLine: {'line': b'-- Installing: /home/plantroid/plantroid_ws/src/plantroid_msgs/install/plantroid_msgs/include/plantroid_msgs/msg/detail/state__rosidl_typesupport_fastrtps_cpp.hpp\n'}
[47.050400] (plantroid_msgs) StdoutLine: {'line': b'-- Up-to-date: /home/plantroid/plantroid_ws/src/plantroid_msgs/install/plantroid_msgs/include/plantroid_msgs/srv\n'}
[47.050862] (plantroid_msgs) StdoutLine: {'line': b'-- Up-to-date: /home/plantroid/plantroid_ws/src/plantroid_msgs/install/plantroid_msgs/include/plantroid_msgs/srv/detail\n'}
[47.051302] (plantroid_msgs) StdoutLine: {'line': b'-- Installing: /home/plantroid/plantroid_ws/src/plantroid_msgs/install/plantroid_msgs/include/plantroid_msgs/srv/detail/gesture__rosidl_typesupport_fastrtps_cpp.hpp\n'}
[47.052593] (plantroid_msgs) StdoutLine: {'line': b'-- Installing: /home/plantroid/plantroid_ws/src/plantroid_msgs/install/plantroid_msgs/include/plantroid_msgs/srv/detail/command__rosidl_typesupport_fastrtps_cpp.hpp\n'}
[47.053718] (plantroid_msgs) StdoutLine: {'line': b'-- Installing: /home/plantroid/plantroid_ws/src/plantroid_msgs/install/plantroid_msgs/include/plantroid_msgs/srv/detail/dds_fastrtps\n'}
[47.054550] (plantroid_msgs) StdoutLine: {'line': b'-- Installing: /home/plantroid/plantroid_ws/src/plantroid_msgs/install/plantroid_msgs/include/plantroid_msgs/srv/detail/camera__rosidl_typesupport_fastrtps_cpp.hpp\n'}
[47.055826] (plantroid_msgs) StdoutLine: {'line': b'-- Installing: /home/plantroid/plantroid_ws/src/plantroid_msgs/install/plantroid_msgs/include/plantroid_msgs/srv/detail/neck_servo__rosidl_typesupport_fastrtps_cpp.hpp\n'}
[47.057052] (plantroid_msgs) StdoutLine: {'line': b'-- Installing: /home/plantroid/plantroid_ws/src/plantroid_msgs/install/plantroid_msgs/include/plantroid_msgs/srv/detail/sensors__rosidl_typesupport_fastrtps_cpp.hpp\n'}
[47.058767] (plantroid_msgs) StdoutLine: {'line': b'-- Installing: /home/plantroid/plantroid_ws/src/plantroid_msgs/install/plantroid_msgs/lib/libplantroid_msgs__rosidl_typesupport_fastrtps_cpp.so\n'}
[47.061794] (plantroid_msgs) StdoutLine: {'line': b'-- Set runtime path of "/home/plantroid/plantroid_ws/src/plantroid_msgs/install/plantroid_msgs/lib/libplantroid_msgs__rosidl_typesupport_fastrtps_cpp.so" to ""\n'}
[47.062388] (plantroid_msgs) StdoutLine: {'line': b'-- Up-to-date: /home/plantroid/plantroid_ws/src/plantroid_msgs/install/plantroid_msgs/include/plantroid_msgs\n'}
[47.062885] (plantroid_msgs) StdoutLine: {'line': b'-- Up-to-date: /home/plantroid/plantroid_ws/src/plantroid_msgs/install/plantroid_msgs/include/plantroid_msgs/msg\n'}
[47.063310] (plantroid_msgs) StdoutLine: {'line': b'-- Installing: /home/plantroid/plantroid_ws/src/plantroid_msgs/install/plantroid_msgs/include/plantroid_msgs/msg/rosidl_typesupport_introspection_c__visibility_control.h\n'}
[47.064252] (plantroid_msgs) StdoutLine: {'line': b'-- Up-to-date: /home/plantroid/plantroid_ws/src/plantroid_msgs/install/plantroid_msgs/include/plantroid_msgs/msg/detail\n'}
[47.064749] (plantroid_msgs) StdoutLine: {'line': b'-- Installing: /home/plantroid/plantroid_ws/src/plantroid_msgs/install/plantroid_msgs/include/plantroid_msgs/msg/detail/pose__type_support.c\n'}
[47.065936] (plantroid_msgs) StdoutLine: {'line': b'-- Installing: /home/plantroid/plantroid_ws/src/plantroid_msgs/install/plantroid_msgs/include/plantroid_msgs/msg/detail/state__rosidl_typesupport_introspection_c.h\n'}
[47.067174] (plantroid_msgs) StdoutLine: {'line': b'-- Installing: /home/plantroid/plantroid_ws/src/plantroid_msgs/install/plantroid_msgs/include/plantroid_msgs/msg/detail/speed__rosidl_typesupport_introspection_c.h\n'}
[47.068294] (plantroid_msgs) StdoutLine: {'line': b'-- Installing: /home/plantroid/plantroid_ws/src/plantroid_msgs/install/plantroid_msgs/include/plantroid_msgs/msg/detail/state__type_support.c\n'}
[47.069418] (plantroid_msgs) StdoutLine: {'line': b'-- Installing: /home/plantroid/plantroid_ws/src/plantroid_msgs/install/plantroid_msgs/include/plantroid_msgs/msg/detail/speed__type_support.c\n'}
[47.070553] (plantroid_msgs) StdoutLine: {'line': b'-- Installing: /home/plantroid/plantroid_ws/src/plantroid_msgs/install/plantroid_msgs/include/plantroid_msgs/msg/detail/pose__rosidl_typesupport_introspection_c.h\n'}
[47.071595] (plantroid_msgs) StdoutLine: {'line': b'-- Up-to-date: /home/plantroid/plantroid_ws/src/plantroid_msgs/install/plantroid_msgs/include/plantroid_msgs/srv\n'}
[47.072079] (plantroid_msgs) StdoutLine: {'line': b'-- Up-to-date: /home/plantroid/plantroid_ws/src/plantroid_msgs/install/plantroid_msgs/include/plantroid_msgs/srv/detail\n'}
[47.072565] (plantroid_msgs) StdoutLine: {'line': b'-- Installing: /home/plantroid/plantroid_ws/src/plantroid_msgs/install/plantroid_msgs/include/plantroid_msgs/srv/detail/sensors__rosidl_typesupport_introspection_c.h\n'}
[47.073791] (plantroid_msgs) StdoutLine: {'line': b'-- Installing: /home/plantroid/plantroid_ws/src/plantroid_msgs/install/plantroid_msgs/include/plantroid_msgs/srv/detail/command__type_support.c\n'}
[47.074921] (-) TimerEvent: {}
[47.075395] (plantroid_msgs) StdoutLine: {'line': b'-- Installing: /home/plantroid/plantroid_ws/src/plantroid_msgs/install/plantroid_msgs/include/plantroid_msgs/srv/detail/neck_servo__type_support.c\n'}
[47.076299] (plantroid_msgs) StdoutLine: {'line': b'-- Installing: /home/plantroid/plantroid_ws/src/plantroid_msgs/install/plantroid_msgs/include/plantroid_msgs/srv/detail/gesture__type_support.c\n'}
[47.077511] (plantroid_msgs) StdoutLine: {'line': b'-- Installing: /home/plantroid/plantroid_ws/src/plantroid_msgs/install/plantroid_msgs/include/plantroid_msgs/srv/detail/command__rosidl_typesupport_introspection_c.h\n'}
[47.078825] (plantroid_msgs) StdoutLine: {'line': b'-- Installing: /home/plantroid/plantroid_ws/src/plantroid_msgs/install/plantroid_msgs/include/plantroid_msgs/srv/detail/neck_servo__rosidl_typesupport_introspection_c.h\n'}
[47.080023] (plantroid_msgs) StdoutLine: {'line': b'-- Installing: /home/plantroid/plantroid_ws/src/plantroid_msgs/install/plantroid_msgs/include/plantroid_msgs/srv/detail/gesture__rosidl_typesupport_introspection_c.h\n'}
[47.081199] (plantroid_msgs) StdoutLine: {'line': b'-- Installing: /home/plantroid/plantroid_ws/src/plantroid_msgs/install/plantroid_msgs/include/plantroid_msgs/srv/detail/camera__rosidl_typesupport_introspection_c.h\n'}
[47.082393] (plantroid_msgs) StdoutLine: {'line': b'-- Installing: /home/plantroid/plantroid_ws/src/plantroid_msgs/install/plantroid_msgs/include/plantroid_msgs/srv/detail/camera__type_support.c\n'}
[47.083600] (plantroid_msgs) StdoutLine: {'line': b'-- Installing: /home/plantroid/plantroid_ws/src/plantroid_msgs/install/plantroid_msgs/include/plantroid_msgs/srv/detail/sensors__type_support.c\n'}
[47.085276] (plantroid_msgs) StdoutLine: {'line': b'-- Installing: /home/plantroid/plantroid_ws/src/plantroid_msgs/install/plantroid_msgs/lib/libplantroid_msgs__rosidl_typesupport_introspection_c.so\n'}
[47.088002] (plantroid_msgs) StdoutLine: {'line': b'-- Set runtime path of "/home/plantroid/plantroid_ws/src/plantroid_msgs/install/plantroid_msgs/lib/libplantroid_msgs__rosidl_typesupport_introspection_c.so" to ""\n'}
[47.088619] (plantroid_msgs) StdoutLine: {'line': b'-- Installing: /home/plantroid/plantroid_ws/src/plantroid_msgs/install/plantroid_msgs/lib/libplantroid_msgs__rosidl_typesupport_c.so\n'}
[47.091286] (plantroid_msgs) StdoutLine: {'line': b'-- Set runtime path of "/home/plantroid/plantroid_ws/src/plantroid_msgs/install/plantroid_msgs/lib/libplantroid_msgs__rosidl_typesupport_c.so" to ""\n'}
[47.091884] (plantroid_msgs) StdoutLine: {'line': b'-- Up-to-date: /home/plantroid/plantroid_ws/src/plantroid_msgs/install/plantroid_msgs/include/plantroid_msgs\n'}
[47.092312] (plantroid_msgs) StdoutLine: {'line': b'-- Up-to-date: /home/plantroid/plantroid_ws/src/plantroid_msgs/install/plantroid_msgs/include/plantroid_msgs/msg\n'}
[47.092723] (plantroid_msgs) StdoutLine: {'line': b'-- Installing: /home/plantroid/plantroid_ws/src/plantroid_msgs/install/plantroid_msgs/include/plantroid_msgs/msg/state.hpp\n'}
[47.093479] (plantroid_msgs) StdoutLine: {'line': b'-- Installing: /home/plantroid/plantroid_ws/src/plantroid_msgs/install/plantroid_msgs/include/plantroid_msgs/msg/speed.hpp\n'}
[47.094556] (plantroid_msgs) StdoutLine: {'line': b'-- Installing: /home/plantroid/plantroid_ws/src/plantroid_msgs/install/plantroid_msgs/include/plantroid_msgs/msg/pose.hpp\n'}
[47.095453] (plantroid_msgs) StdoutLine: {'line': b'-- Up-to-date: /home/plantroid/plantroid_ws/src/plantroid_msgs/install/plantroid_msgs/include/plantroid_msgs/msg/detail\n'}
[47.095951] (plantroid_msgs) StdoutLine: {'line': b'-- Installing: /home/plantroid/plantroid_ws/src/plantroid_msgs/install/plantroid_msgs/include/plantroid_msgs/msg/detail/state__builder.hpp\n'}
[47.097048] (plantroid_msgs) StdoutLine: {'line': b'-- Installing: /home/plantroid/plantroid_ws/src/plantroid_msgs/install/plantroid_msgs/include/plantroid_msgs/msg/detail/speed__traits.hpp\n'}
[47.098085] (plantroid_msgs) StdoutLine: {'line': b'-- Installing: /home/plantroid/plantroid_ws/src/plantroid_msgs/install/plantroid_msgs/include/plantroid_msgs/msg/detail/pose__builder.hpp\n'}
[47.099202] (plantroid_msgs) StdoutLine: {'line': b'-- Installing: /home/plantroid/plantroid_ws/src/plantroid_msgs/install/plantroid_msgs/include/plantroid_msgs/msg/detail/pose__traits.hpp\n'}
[47.100225] (plantroid_msgs) StdoutLine: {'line': b'-- Installing: /home/plantroid/plantroid_ws/src/plantroid_msgs/install/plantroid_msgs/include/plantroid_msgs/msg/detail/state__traits.hpp\n'}
[47.101251] (plantroid_msgs) StdoutLine: {'line': b'-- Installing: /home/plantroid/plantroid_ws/src/plantroid_msgs/install/plantroid_msgs/include/plantroid_msgs/msg/detail/speed__struct.hpp\n'}
[47.102328] (plantroid_msgs) StdoutLine: {'line': b'-- Installing: /home/plantroid/plantroid_ws/src/plantroid_msgs/install/plantroid_msgs/include/plantroid_msgs/msg/detail/state__struct.hpp\n'}
[47.103357] (plantroid_msgs) StdoutLine: {'line': b'-- Installing: /home/plantroid/plantroid_ws/src/plantroid_msgs/install/plantroid_msgs/include/plantroid_msgs/msg/detail/pose__struct.hpp\n'}
[47.104452] (plantroid_msgs) StdoutLine: {'line': b'-- Installing: /home/plantroid/plantroid_ws/src/plantroid_msgs/install/plantroid_msgs/include/plantroid_msgs/msg/detail/speed__builder.hpp\n'}
[47.105419] (plantroid_msgs) StdoutLine: {'line': b'-- Up-to-date: /home/plantroid/plantroid_ws/src/plantroid_msgs/install/plantroid_msgs/include/plantroid_msgs/srv\n'}
[47.105963] (plantroid_msgs) StdoutLine: {'line': b'-- Installing: /home/plantroid/plantroid_ws/src/plantroid_msgs/install/plantroid_msgs/include/plantroid_msgs/srv/command.hpp\n'}
[47.106972] (plantroid_msgs) StdoutLine: {'line': b'-- Installing: /home/plantroid/plantroid_ws/src/plantroid_msgs/install/plantroid_msgs/include/plantroid_msgs/srv/gesture.hpp\n'}
[47.107937] (plantroid_msgs) StdoutLine: {'line': b'-- Installing: /home/plantroid/plantroid_ws/src/plantroid_msgs/install/plantroid_msgs/include/plantroid_msgs/srv/camera.hpp\n'}
[47.108913] (plantroid_msgs) StdoutLine: {'line': b'-- Installing: /home/plantroid/plantroid_ws/src/plantroid_msgs/install/plantroid_msgs/include/plantroid_msgs/srv/sensors.hpp\n'}
[47.109900] (plantroid_msgs) StdoutLine: {'line': b'-- Installing: /home/plantroid/plantroid_ws/src/plantroid_msgs/install/plantroid_msgs/include/plantroid_msgs/srv/neck_servo.hpp\n'}
[47.110845] (plantroid_msgs) StdoutLine: {'line': b'-- Up-to-date: /home/plantroid/plantroid_ws/src/plantroid_msgs/install/plantroid_msgs/include/plantroid_msgs/srv/detail\n'}
[47.111420] (plantroid_msgs) StdoutLine: {'line': b'-- Installing: /home/plantroid/plantroid_ws/src/plantroid_msgs/install/plantroid_msgs/include/plantroid_msgs/srv/detail/command__struct.hpp\n'}
[47.112557] (plantroid_msgs) StdoutLine: {'line': b'-- Installing: /home/plantroid/plantroid_ws/src/plantroid_msgs/install/plantroid_msgs/include/plantroid_msgs/srv/detail/gesture__traits.hpp\n'}
[47.113597] (plantroid_msgs) StdoutLine: {'line': b'-- Installing: /home/plantroid/plantroid_ws/src/plantroid_msgs/install/plantroid_msgs/include/plantroid_msgs/srv/detail/camera__traits.hpp\n'}
[47.114729] (plantroid_msgs) StdoutLine: {'line': b'-- Installing: /home/plantroid/plantroid_ws/src/plantroid_msgs/install/plantroid_msgs/include/plantroid_msgs/srv/detail/camera__builder.hpp\n'}
[47.115787] (plantroid_msgs) StdoutLine: {'line': b'-- Installing: /home/plantroid/plantroid_ws/src/plantroid_msgs/install/plantroid_msgs/include/plantroid_msgs/srv/detail/sensors__struct.hpp\n'}
[47.116871] (plantroid_msgs) StdoutLine: {'line': b'-- Installing: /home/plantroid/plantroid_ws/src/plantroid_msgs/install/plantroid_msgs/include/plantroid_msgs/srv/detail/command__builder.hpp\n'}
[47.117902] (plantroid_msgs) StdoutLine: {'line': b'-- Installing: /home/plantroid/plantroid_ws/src/plantroid_msgs/install/plantroid_msgs/include/plantroid_msgs/srv/detail/command__traits.hpp\n'}
[47.119004] (plantroid_msgs) StdoutLine: {'line': b'-- Installing: /home/plantroid/plantroid_ws/src/plantroid_msgs/install/plantroid_msgs/include/plantroid_msgs/srv/detail/neck_servo__builder.hpp\n'}
[47.120071] (plantroid_msgs) StdoutLine: {'line': b'-- Installing: /home/plantroid/plantroid_ws/src/plantroid_msgs/install/plantroid_msgs/include/plantroid_msgs/srv/detail/neck_servo__traits.hpp\n'}
[47.121134] (plantroid_msgs) StdoutLine: {'line': b'-- Installing: /home/plantroid/plantroid_ws/src/plantroid_msgs/install/plantroid_msgs/include/plantroid_msgs/srv/detail/neck_servo__struct.hpp\n'}
[47.122210] (plantroid_msgs) StdoutLine: {'line': b'-- Installing: /home/plantroid/plantroid_ws/src/plantroid_msgs/install/plantroid_msgs/include/plantroid_msgs/srv/detail/gesture__struct.hpp\n'}
[47.123323] (plantroid_msgs) StdoutLine: {'line': b'-- Installing: /home/plantroid/plantroid_ws/src/plantroid_msgs/install/plantroid_msgs/include/plantroid_msgs/srv/detail/camera__struct.hpp\n'}
[47.124406] (plantroid_msgs) StdoutLine: {'line': b'-- Installing: /home/plantroid/plantroid_ws/src/plantroid_msgs/install/plantroid_msgs/include/plantroid_msgs/srv/detail/sensors__builder.hpp\n'}
[47.125455] (plantroid_msgs) StdoutLine: {'line': b'-- Installing: /home/plantroid/plantroid_ws/src/plantroid_msgs/install/plantroid_msgs/include/plantroid_msgs/srv/detail/sensors__traits.hpp\n'}
[47.126591] (plantroid_msgs) StdoutLine: {'line': b'-- Installing: /home/plantroid/plantroid_ws/src/plantroid_msgs/install/plantroid_msgs/include/plantroid_msgs/srv/detail/gesture__builder.hpp\n'}
[47.127874] (plantroid_msgs) StdoutLine: {'line': b'-- Up-to-date: /home/plantroid/plantroid_ws/src/plantroid_msgs/install/plantroid_msgs/include/plantroid_msgs\n'}
[47.128386] (plantroid_msgs) StdoutLine: {'line': b'-- Up-to-date: /home/plantroid/plantroid_ws/src/plantroid_msgs/install/plantroid_msgs/include/plantroid_msgs/msg\n'}
[47.128803] (plantroid_msgs) StdoutLine: {'line': b'-- Up-to-date: /home/plantroid/plantroid_ws/src/plantroid_msgs/install/plantroid_msgs/include/plantroid_msgs/msg/detail\n'}
[47.129227] (plantroid_msgs) StdoutLine: {'line': b'-- Installing: /home/plantroid/plantroid_ws/src/plantroid_msgs/install/plantroid_msgs/include/plantroid_msgs/msg/detail/speed__type_support.cpp\n'}
[47.130377] (plantroid_msgs) StdoutLine: {'line': b'-- Installing: /home/plantroid/plantroid_ws/src/plantroid_msgs/install/plantroid_msgs/include/plantroid_msgs/msg/detail/pose__rosidl_typesupport_introspection_cpp.hpp\n'}
[47.131621] (plantroid_msgs) StdoutLine: {'line': b'-- Installing: /home/plantroid/plantroid_ws/src/plantroid_msgs/install/plantroid_msgs/include/plantroid_msgs/msg/detail/state__rosidl_typesupport_introspection_cpp.hpp\n'}
[47.132830] (plantroid_msgs) StdoutLine: {'line': b'-- Installing: /home/plantroid/plantroid_ws/src/plantroid_msgs/install/plantroid_msgs/include/plantroid_msgs/msg/detail/speed__rosidl_typesupport_introspection_cpp.hpp\n'}
[47.133987] (plantroid_msgs) StdoutLine: {'line': b'-- Installing: /home/plantroid/plantroid_ws/src/plantroid_msgs/install/plantroid_msgs/include/plantroid_msgs/msg/detail/state__type_support.cpp\n'}
[47.135174] (plantroid_msgs) StdoutLine: {'line': b'-- Installing: /home/plantroid/plantroid_ws/src/plantroid_msgs/install/plantroid_msgs/include/plantroid_msgs/msg/detail/pose__type_support.cpp\n'}
[47.136214] (plantroid_msgs) StdoutLine: {'line': b'-- Up-to-date: /home/plantroid/plantroid_ws/src/plantroid_msgs/install/plantroid_msgs/include/plantroid_msgs/srv\n'}
[47.136676] (plantroid_msgs) StdoutLine: {'line': b'-- Up-to-date: /home/plantroid/plantroid_ws/src/plantroid_msgs/install/plantroid_msgs/include/plantroid_msgs/srv/detail\n'}
[47.137128] (plantroid_msgs) StdoutLine: {'line': b'-- Installing: /home/plantroid/plantroid_ws/src/plantroid_msgs/install/plantroid_msgs/include/plantroid_msgs/srv/detail/camera__rosidl_typesupport_introspection_cpp.hpp\n'}
[47.138442] (plantroid_msgs) StdoutLine: {'line': b'-- Installing: /home/plantroid/plantroid_ws/src/plantroid_msgs/install/plantroid_msgs/include/plantroid_msgs/srv/detail/gesture__type_support.cpp\n'}
[47.139618] (plantroid_msgs) StdoutLine: {'line': b'-- Installing: /home/plantroid/plantroid_ws/src/plantroid_msgs/install/plantroid_msgs/include/plantroid_msgs/srv/detail/neck_servo__type_support.cpp\n'}
[47.140813] (plantroid_msgs) StdoutLine: {'line': b'-- Installing: /home/plantroid/plantroid_ws/src/plantroid_msgs/install/plantroid_msgs/include/plantroid_msgs/srv/detail/gesture__rosidl_typesupport_introspection_cpp.hpp\n'}
[47.142004] (plantroid_msgs) StdoutLine: {'line': b'-- Installing: /home/plantroid/plantroid_ws/src/plantroid_msgs/install/plantroid_msgs/include/plantroid_msgs/srv/detail/sensors__type_support.cpp\n'}
[47.143346] (plantroid_msgs) StdoutLine: {'line': b'-- Installing: /home/plantroid/plantroid_ws/src/plantroid_msgs/install/plantroid_msgs/include/plantroid_msgs/srv/detail/sensors__rosidl_typesupport_introspection_cpp.hpp\n'}
[47.144544] (plantroid_msgs) StdoutLine: {'line': b'-- Installing: /home/plantroid/plantroid_ws/src/plantroid_msgs/install/plantroid_msgs/include/plantroid_msgs/srv/detail/command__rosidl_typesupport_introspection_cpp.hpp\n'}
[47.145757] (plantroid_msgs) StdoutLine: {'line': b'-- Installing: /home/plantroid/plantroid_ws/src/plantroid_msgs/install/plantroid_msgs/include/plantroid_msgs/srv/detail/command__type_support.cpp\n'}
[47.147012] (plantroid_msgs) StdoutLine: {'line': b'-- Installing: /home/plantroid/plantroid_ws/src/plantroid_msgs/install/plantroid_msgs/include/plantroid_msgs/srv/detail/camera__type_support.cpp\n'}
[47.148223] (plantroid_msgs) StdoutLine: {'line': b'-- Installing: /home/plantroid/plantroid_ws/src/plantroid_msgs/install/plantroid_msgs/include/plantroid_msgs/srv/detail/neck_servo__rosidl_typesupport_introspection_cpp.hpp\n'}
[47.149929] (plantroid_msgs) StdoutLine: {'line': b'-- Installing: /home/plantroid/plantroid_ws/src/plantroid_msgs/install/plantroid_msgs/lib/libplantroid_msgs__rosidl_typesupport_introspection_cpp.so\n'}
[47.153019] (plantroid_msgs) StdoutLine: {'line': b'-- Set runtime path of "/home/plantroid/plantroid_ws/src/plantroid_msgs/install/plantroid_msgs/lib/libplantroid_msgs__rosidl_typesupport_introspection_cpp.so" to ""\n'}
[47.153684] (plantroid_msgs) StdoutLine: {'line': b'-- Installing: /home/plantroid/plantroid_ws/src/plantroid_msgs/install/plantroid_msgs/lib/libplantroid_msgs__rosidl_typesupport_cpp.so\n'}
[47.156364] (plantroid_msgs) StdoutLine: {'line': b'-- Set runtime path of "/home/plantroid/plantroid_ws/src/plantroid_msgs/install/plantroid_msgs/lib/libplantroid_msgs__rosidl_typesupport_cpp.so" to ""\n'}
[47.156926] (plantroid_msgs) StdoutLine: {'line': b'-- Installing: /home/plantroid/plantroid_ws/src/plantroid_msgs/install/plantroid_msgs/share/plantroid_msgs/environment/pythonpath.sh\n'}
[47.158187] (plantroid_msgs) StdoutLine: {'line': b'-- Installing: /home/plantroid/plantroid_ws/src/plantroid_msgs/install/plantroid_msgs/share/plantroid_msgs/environment/pythonpath.dsv\n'}
[47.159881] (plantroid_msgs) StdoutLine: {'line': b'-- Installing: /home/plantroid/plantroid_ws/src/plantroid_msgs/install/plantroid_msgs/lib/python3.8/site-packages/plantroid_msgs/__init__.py\n'}
[47.175085] (-) TimerEvent: {}
[47.275870] (-) TimerEvent: {}
[47.304524] (plantroid_msgs) StdoutLine: {'line': b"Compiling '/home/plantroid/plantroid_ws/src/plantroid_msgs/install/plantroid_msgs/lib/python3.8/site-packages/plantroid_msgs/__init__.py'...\n"}
[47.327014] (plantroid_msgs) StdoutLine: {'line': b'-- Installing: /home/plantroid/plantroid_ws/src/plantroid_msgs/install/plantroid_msgs/lib/python3.8/site-packages/plantroid_msgs/msg\n'}
[47.327780] (plantroid_msgs) StdoutLine: {'line': b'-- Installing: /home/plantroid/plantroid_ws/src/plantroid_msgs/install/plantroid_msgs/lib/python3.8/site-packages/plantroid_msgs/msg/_pose.py\n'}
[47.328884] (plantroid_msgs) StdoutLine: {'line': b'-- Installing: /home/plantroid/plantroid_ws/src/plantroid_msgs/install/plantroid_msgs/lib/python3.8/site-packages/plantroid_msgs/msg/_speed.py\n'}
[47.329956] (plantroid_msgs) StdoutLine: {'line': b'-- Installing: /home/plantroid/plantroid_ws/src/plantroid_msgs/install/plantroid_msgs/lib/python3.8/site-packages/plantroid_msgs/msg/__init__.py\n'}
[47.331034] (plantroid_msgs) StdoutLine: {'line': b'-- Installing: /home/plantroid/plantroid_ws/src/plantroid_msgs/install/plantroid_msgs/lib/python3.8/site-packages/plantroid_msgs/msg/_speed_s.c\n'}
[47.332060] (plantroid_msgs) StdoutLine: {'line': b'-- Installing: /home/plantroid/plantroid_ws/src/plantroid_msgs/install/plantroid_msgs/lib/python3.8/site-packages/plantroid_msgs/msg/_pose_s.c\n'}
[47.333071] (plantroid_msgs) StdoutLine: {'line': b'-- Installing: /home/plantroid/plantroid_ws/src/plantroid_msgs/install/plantroid_msgs/lib/python3.8/site-packages/plantroid_msgs/msg/_state.py\n'}
[47.334214] (plantroid_msgs) StdoutLine: {'line': b'-- Installing: /home/plantroid/plantroid_ws/src/plantroid_msgs/install/plantroid_msgs/lib/python3.8/site-packages/plantroid_msgs/msg/_state_s.c\n'}
[47.335838] (plantroid_msgs) StdoutLine: {'line': b'-- Installing: /home/plantroid/plantroid_ws/src/plantroid_msgs/install/plantroid_msgs/lib/python3.8/site-packages/plantroid_msgs/srv\n'}
[47.336785] (plantroid_msgs) StdoutLine: {'line': b'-- Installing: /home/plantroid/plantroid_ws/src/plantroid_msgs/install/plantroid_msgs/lib/python3.8/site-packages/plantroid_msgs/srv/_camera_s.c\n'}
[47.338217] (plantroid_msgs) StdoutLine: {'line': b'-- Installing: /home/plantroid/plantroid_ws/src/plantroid_msgs/install/plantroid_msgs/lib/python3.8/site-packages/plantroid_msgs/srv/_sensors_s.c\n'}
[47.339594] (plantroid_msgs) StdoutLine: {'line': b'-- Installing: /home/plantroid/plantroid_ws/src/plantroid_msgs/install/plantroid_msgs/lib/python3.8/site-packages/plantroid_msgs/srv/_command_s.c\n'}
[47.340923] (plantroid_msgs) StdoutLine: {'line': b'-- Installing: /home/plantroid/plantroid_ws/src/plantroid_msgs/install/plantroid_msgs/lib/python3.8/site-packages/plantroid_msgs/srv/_gesture_s.c\n'}
[47.342233] (plantroid_msgs) StdoutLine: {'line': b'-- Installing: /home/plantroid/plantroid_ws/src/plantroid_msgs/install/plantroid_msgs/lib/python3.8/site-packages/plantroid_msgs/srv/__init__.py\n'}
[47.343555] (plantroid_msgs) StdoutLine: {'line': b'-- Installing: /home/plantroid/plantroid_ws/src/plantroid_msgs/install/plantroid_msgs/lib/python3.8/site-packages/plantroid_msgs/srv/_camera.py\n'}
[47.344855] (plantroid_msgs) StdoutLine: {'line': b'-- Installing: /home/plantroid/plantroid_ws/src/plantroid_msgs/install/plantroid_msgs/lib/python3.8/site-packages/plantroid_msgs/srv/_gesture.py\n'}
[47.345990] (plantroid_msgs) StdoutLine: {'line': b'-- Installing: /home/plantroid/plantroid_ws/src/plantroid_msgs/install/plantroid_msgs/lib/python3.8/site-packages/plantroid_msgs/srv/_neck_servo.py\n'}
[47.347120] (plantroid_msgs) StdoutLine: {'line': b'-- Installing: /home/plantroid/plantroid_ws/src/plantroid_msgs/install/plantroid_msgs/lib/python3.8/site-packages/plantroid_msgs/srv/_command.py\n'}
[47.348234] (plantroid_msgs) StdoutLine: {'line': b'-- Installing: /home/plantroid/plantroid_ws/src/plantroid_msgs/install/plantroid_msgs/lib/python3.8/site-packages/plantroid_msgs/srv/_sensors.py\n'}
[47.349338] (plantroid_msgs) StdoutLine: {'line': b'-- Installing: /home/plantroid/plantroid_ws/src/plantroid_msgs/install/plantroid_msgs/lib/python3.8/site-packages/plantroid_msgs/srv/_neck_servo_s.c\n'}
[47.351397] (plantroid_msgs) StdoutLine: {'line': b'-- Installing: /home/plantroid/plantroid_ws/src/plantroid_msgs/install/plantroid_msgs/lib/python3.8/site-packages/plantroid_msgs/plantroid_msgs_s__rosidl_typesupport_fastrtps_c.cpython-38-aarch64-linux-gnu.so\n'}
[47.354868] (plantroid_msgs) StdoutLine: {'line': b'-- Set runtime path of "/home/plantroid/plantroid_ws/src/plantroid_msgs/install/plantroid_msgs/lib/python3.8/site-packages/plantroid_msgs/plantroid_msgs_s__rosidl_typesupport_fastrtps_c.cpython-38-aarch64-linux-gnu.so" to ""\n'}
[47.355937] (plantroid_msgs) StdoutLine: {'line': b'-- Installing: /home/plantroid/plantroid_ws/src/plantroid_msgs/install/plantroid_msgs/lib/python3.8/site-packages/plantroid_msgs/plantroid_msgs_s__rosidl_typesupport_introspection_c.cpython-38-aarch64-linux-gnu.so\n'}
[47.359394] (plantroid_msgs) StdoutLine: {'line': b'-- Set runtime path of "/home/plantroid/plantroid_ws/src/plantroid_msgs/install/plantroid_msgs/lib/python3.8/site-packages/plantroid_msgs/plantroid_msgs_s__rosidl_typesupport_introspection_c.cpython-38-aarch64-linux-gnu.so" to ""\n'}
[47.360380] (plantroid_msgs) StdoutLine: {'line': b'-- Installing: /home/plantroid/plantroid_ws/src/plantroid_msgs/install/plantroid_msgs/lib/python3.8/site-packages/plantroid_msgs/plantroid_msgs_s__rosidl_typesupport_c.cpython-38-aarch64-linux-gnu.so\n'}
[47.363685] (plantroid_msgs) StdoutLine: {'line': b'-- Set runtime path of "/home/plantroid/plantroid_ws/src/plantroid_msgs/install/plantroid_msgs/lib/python3.8/site-packages/plantroid_msgs/plantroid_msgs_s__rosidl_typesupport_c.cpython-38-aarch64-linux-gnu.so" to ""\n'}
[47.364340] (plantroid_msgs) StdoutLine: {'line': b'-- Installing: /home/plantroid/plantroid_ws/src/plantroid_msgs/install/plantroid_msgs/lib/libplantroid_msgs__python.so\n'}
[47.367231] (plantroid_msgs) StdoutLine: {'line': b'-- Set runtime path of "/home/plantroid/plantroid_ws/src/plantroid_msgs/install/plantroid_msgs/lib/libplantroid_msgs__python.so" to ""\n'}
[47.367987] (plantroid_msgs) StdoutLine: {'line': b'-- Installing: /home/plantroid/plantroid_ws/src/plantroid_msgs/install/plantroid_msgs/share/plantroid_msgs/msg/Pose.idl\n'}
[47.369325] (plantroid_msgs) StdoutLine: {'line': b'-- Installing: /home/plantroid/plantroid_ws/src/plantroid_msgs/install/plantroid_msgs/share/plantroid_msgs/msg/Speed.idl\n'}
[47.370582] (plantroid_msgs) StdoutLine: {'line': b'-- Installing: /home/plantroid/plantroid_ws/src/plantroid_msgs/install/plantroid_msgs/share/plantroid_msgs/msg/State.idl\n'}
[47.372084] (plantroid_msgs) StdoutLine: {'line': b'-- Installing: /home/plantroid/plantroid_ws/src/plantroid_msgs/install/plantroid_msgs/share/plantroid_msgs/srv/Camera.idl\n'}
[47.373321] (plantroid_msgs) StdoutLine: {'line': b'-- Installing: /home/plantroid/plantroid_ws/src/plantroid_msgs/install/plantroid_msgs/share/plantroid_msgs/srv/NeckServo.idl\n'}
[47.374612] (plantroid_msgs) StdoutLine: {'line': b'-- Installing: /home/plantroid/plantroid_ws/src/plantroid_msgs/install/plantroid_msgs/share/plantroid_msgs/srv/Sensors.idl\n'}
[47.375825] (plantroid_msgs) StdoutLine: {'line': b'-- Installing: /home/plantroid/plantroid_ws/src/plantroid_msgs/install/plantroid_msgs/share/plantroid_msgs/srv/Command.idl\n'}
[47.376269] (-) TimerEvent: {}
[47.377165] (plantroid_msgs) StdoutLine: {'line': b'-- Installing: /home/plantroid/plantroid_ws/src/plantroid_msgs/install/plantroid_msgs/share/plantroid_msgs/srv/Gesture.idl\n'}
[47.378469] (plantroid_msgs) StdoutLine: {'line': b'-- Installing: /home/plantroid/plantroid_ws/src/plantroid_msgs/install/plantroid_msgs/share/plantroid_msgs/msg/Pose.msg\n'}
[47.379616] (plantroid_msgs) StdoutLine: {'line': b'-- Installing: /home/plantroid/plantroid_ws/src/plantroid_msgs/install/plantroid_msgs/share/plantroid_msgs/msg/Speed.msg\n'}
[47.380781] (plantroid_msgs) StdoutLine: {'line': b'-- Installing: /home/plantroid/plantroid_ws/src/plantroid_msgs/install/plantroid_msgs/share/plantroid_msgs/msg/State.msg\n'}
[47.381915] (plantroid_msgs) StdoutLine: {'line': b'-- Installing: /home/plantroid/plantroid_ws/src/plantroid_msgs/install/plantroid_msgs/share/plantroid_msgs/srv/Camera.srv\n'}
[47.383128] (plantroid_msgs) StdoutLine: {'line': b'-- Installing: /home/plantroid/plantroid_ws/src/plantroid_msgs/install/plantroid_msgs/share/plantroid_msgs/srv/Camera_Request.msg\n'}
[47.384418] (plantroid_msgs) StdoutLine: {'line': b'-- Installing: /home/plantroid/plantroid_ws/src/plantroid_msgs/install/plantroid_msgs/share/plantroid_msgs/srv/Camera_Response.msg\n'}
[47.385681] (plantroid_msgs) StdoutLine: {'line': b'-- Installing: /home/plantroid/plantroid_ws/src/plantroid_msgs/install/plantroid_msgs/share/plantroid_msgs/srv/NeckServo.srv\n'}
[47.386972] (plantroid_msgs) StdoutLine: {'line': b'-- Installing: /home/plantroid/plantroid_ws/src/plantroid_msgs/install/plantroid_msgs/share/plantroid_msgs/srv/NeckServo_Request.msg\n'}
[47.388206] (plantroid_msgs) StdoutLine: {'line': b'-- Installing: /home/plantroid/plantroid_ws/src/plantroid_msgs/install/plantroid_msgs/share/plantroid_msgs/srv/NeckServo_Response.msg\n'}
[47.389424] (plantroid_msgs) StdoutLine: {'line': b'-- Installing: /home/plantroid/plantroid_ws/src/plantroid_msgs/install/plantroid_msgs/share/plantroid_msgs/srv/Sensors.srv\n'}
[47.390659] (plantroid_msgs) StdoutLine: {'line': b'-- Installing: /home/plantroid/plantroid_ws/src/plantroid_msgs/install/plantroid_msgs/share/plantroid_msgs/srv/Sensors_Request.msg\n'}
[47.391924] (plantroid_msgs) StdoutLine: {'line': b'-- Installing: /home/plantroid/plantroid_ws/src/plantroid_msgs/install/plantroid_msgs/share/plantroid_msgs/srv/Sensors_Response.msg\n'}
[47.393119] (plantroid_msgs) StdoutLine: {'line': b'-- Installing: /home/plantroid/plantroid_ws/src/plantroid_msgs/install/plantroid_msgs/share/plantroid_msgs/srv/Command.srv\n'}
[47.394319] (plantroid_msgs) StdoutLine: {'line': b'-- Installing: /home/plantroid/plantroid_ws/src/plantroid_msgs/install/plantroid_msgs/share/plantroid_msgs/srv/Command_Request.msg\n'}
[47.395612] (plantroid_msgs) StdoutLine: {'line': b'-- Installing: /home/plantroid/plantroid_ws/src/plantroid_msgs/install/plantroid_msgs/share/plantroid_msgs/srv/Command_Response.msg\n'}
[47.396770] (plantroid_msgs) StdoutLine: {'line': b'-- Installing: /home/plantroid/plantroid_ws/src/plantroid_msgs/install/plantroid_msgs/share/plantroid_msgs/srv/Gesture.srv\n'}
[47.397953] (plantroid_msgs) StdoutLine: {'line': b'-- Installing: /home/plantroid/plantroid_ws/src/plantroid_msgs/install/plantroid_msgs/share/plantroid_msgs/srv/Gesture_Request.msg\n'}
[47.399267] (plantroid_msgs) StdoutLine: {'line': b'-- Installing: /home/plantroid/plantroid_ws/src/plantroid_msgs/install/plantroid_msgs/share/plantroid_msgs/srv/Gesture_Response.msg\n'}
[47.400896] (plantroid_msgs) StdoutLine: {'line': b'-- Installing: /home/plantroid/plantroid_ws/src/plantroid_msgs/install/plantroid_msgs/share/ament_index/resource_index/package_run_dependencies/plantroid_msgs\n'}
[47.402625] (plantroid_msgs) StdoutLine: {'line': b'-- Installing: /home/plantroid/plantroid_ws/src/plantroid_msgs/install/plantroid_msgs/share/ament_index/resource_index/parent_prefix_path/plantroid_msgs\n'}
[47.404020] (plantroid_msgs) StdoutLine: {'line': b'-- Installing: /home/plantroid/plantroid_ws/src/plantroid_msgs/install/plantroid_msgs/share/plantroid_msgs/environment/ament_prefix_path.sh\n'}
[47.405307] (plantroid_msgs) StdoutLine: {'line': b'-- Installing: /home/plantroid/plantroid_ws/src/plantroid_msgs/install/plantroid_msgs/share/plantroid_msgs/environment/ament_prefix_path.dsv\n'}
[47.406750] (plantroid_msgs) StdoutLine: {'line': b'-- Installing: /home/plantroid/plantroid_ws/src/plantroid_msgs/install/plantroid_msgs/share/plantroid_msgs/environment/path.sh\n'}
[47.407960] (plantroid_msgs) StdoutLine: {'line': b'-- Installing: /home/plantroid/plantroid_ws/src/plantroid_msgs/install/plantroid_msgs/share/plantroid_msgs/environment/path.dsv\n'}
[47.409226] (plantroid_msgs) StdoutLine: {'line': b'-- Installing: /home/plantroid/plantroid_ws/src/plantroid_msgs/install/plantroid_msgs/share/plantroid_msgs/local_setup.bash\n'}
[47.410512] (plantroid_msgs) StdoutLine: {'line': b'-- Installing: /home/plantroid/plantroid_ws/src/plantroid_msgs/install/plantroid_msgs/share/plantroid_msgs/local_setup.sh\n'}
[47.411742] (plantroid_msgs) StdoutLine: {'line': b'-- Installing: /home/plantroid/plantroid_ws/src/plantroid_msgs/install/plantroid_msgs/share/plantroid_msgs/local_setup.zsh\n'}
[47.412978] (plantroid_msgs) StdoutLine: {'line': b'-- Installing: /home/plantroid/plantroid_ws/src/plantroid_msgs/install/plantroid_msgs/share/plantroid_msgs/local_setup.dsv\n'}
[47.414206] (plantroid_msgs) StdoutLine: {'line': b'-- Installing: /home/plantroid/plantroid_ws/src/plantroid_msgs/install/plantroid_msgs/share/plantroid_msgs/package.dsv\n'}
[47.415846] (plantroid_msgs) StdoutLine: {'line': b'-- Installing: /home/plantroid/plantroid_ws/src/plantroid_msgs/install/plantroid_msgs/share/ament_index/resource_index/packages/plantroid_msgs\n'}
[47.417595] (plantroid_msgs) StdoutLine: {'line': b'-- Installing: /home/plantroid/plantroid_ws/src/plantroid_msgs/install/plantroid_msgs/share/plantroid_msgs/cmake/plantroid_msgs__rosidl_generator_cExport.cmake\n'}
[47.419132] (plantroid_msgs) StdoutLine: {'line': b'-- Installing: /home/plantroid/plantroid_ws/src/plantroid_msgs/install/plantroid_msgs/share/plantroid_msgs/cmake/plantroid_msgs__rosidl_generator_cExport-noconfig.cmake\n'}
[47.420837] (plantroid_msgs) StdoutLine: {'line': b'-- Installing: /home/plantroid/plantroid_ws/src/plantroid_msgs/install/plantroid_msgs/share/plantroid_msgs/cmake/plantroid_msgs__rosidl_typesupport_introspection_cExport.cmake\n'}
[47.422568] (plantroid_msgs) StdoutLine: {'line': b'-- Installing: /home/plantroid/plantroid_ws/src/plantroid_msgs/install/plantroid_msgs/share/plantroid_msgs/cmake/plantroid_msgs__rosidl_typesupport_introspection_cExport-noconfig.cmake\n'}
[47.424251] (plantroid_msgs) StdoutLine: {'line': b'-- Installing: /home/plantroid/plantroid_ws/src/plantroid_msgs/install/plantroid_msgs/share/plantroid_msgs/cmake/plantroid_msgs__rosidl_typesupport_cExport.cmake\n'}
[47.425722] (plantroid_msgs) StdoutLine: {'line': b'-- Installing: /home/plantroid/plantroid_ws/src/plantroid_msgs/install/plantroid_msgs/share/plantroid_msgs/cmake/plantroid_msgs__rosidl_typesupport_cExport-noconfig.cmake\n'}
[47.427418] (plantroid_msgs) StdoutLine: {'line': b'-- Installing: /home/plantroid/plantroid_ws/src/plantroid_msgs/install/plantroid_msgs/share/plantroid_msgs/cmake/plantroid_msgs__rosidl_generator_cppExport.cmake\n'}
[47.429062] (plantroid_msgs) StdoutLine: {'line': b'-- Installing: /home/plantroid/plantroid_ws/src/plantroid_msgs/install/plantroid_msgs/share/plantroid_msgs/cmake/plantroid_msgs__rosidl_typesupport_introspection_cppExport.cmake\n'}
[47.430717] (plantroid_msgs) StdoutLine: {'line': b'-- Installing: /home/plantroid/plantroid_ws/src/plantroid_msgs/install/plantroid_msgs/share/plantroid_msgs/cmake/plantroid_msgs__rosidl_typesupport_introspection_cppExport-noconfig.cmake\n'}
[47.432469] (plantroid_msgs) StdoutLine: {'line': b'-- Installing: /home/plantroid/plantroid_ws/src/plantroid_msgs/install/plantroid_msgs/share/plantroid_msgs/cmake/plantroid_msgs__rosidl_typesupport_cppExport.cmake\n'}
[47.433952] (plantroid_msgs) StdoutLine: {'line': b'-- Installing: /home/plantroid/plantroid_ws/src/plantroid_msgs/install/plantroid_msgs/share/plantroid_msgs/cmake/plantroid_msgs__rosidl_typesupport_cppExport-noconfig.cmake\n'}
[47.435433] (plantroid_msgs) StdoutLine: {'line': b'-- Installing: /home/plantroid/plantroid_ws/src/plantroid_msgs/install/plantroid_msgs/share/plantroid_msgs/cmake/rosidl_cmake-extras.cmake\n'}
[47.436778] (plantroid_msgs) StdoutLine: {'line': b'-- Installing: /home/plantroid/plantroid_ws/src/plantroid_msgs/install/plantroid_msgs/share/plantroid_msgs/cmake/ament_cmake_export_dependencies-extras.cmake\n'}
[47.438330] (plantroid_msgs) StdoutLine: {'line': b'-- Installing: /home/plantroid/plantroid_ws/src/plantroid_msgs/install/plantroid_msgs/share/plantroid_msgs/cmake/ament_cmake_export_libraries-extras.cmake\n'}
[47.439766] (plantroid_msgs) StdoutLine: {'line': b'-- Installing: /home/plantroid/plantroid_ws/src/plantroid_msgs/install/plantroid_msgs/share/plantroid_msgs/cmake/ament_cmake_export_targets-extras.cmake\n'}
[47.441196] (plantroid_msgs) StdoutLine: {'line': b'-- Installing: /home/plantroid/plantroid_ws/src/plantroid_msgs/install/plantroid_msgs/share/plantroid_msgs/cmake/ament_cmake_export_include_directories-extras.cmake\n'}
[47.442713] (plantroid_msgs) StdoutLine: {'line': b'-- Installing: /home/plantroid/plantroid_ws/src/plantroid_msgs/install/plantroid_msgs/share/plantroid_msgs/cmake/rosidl_cmake_export_typesupport_libraries-extras.cmake\n'}
[47.444195] (plantroid_msgs) StdoutLine: {'line': b'-- Installing: /home/plantroid/plantroid_ws/src/plantroid_msgs/install/plantroid_msgs/share/plantroid_msgs/cmake/rosidl_cmake_export_typesupport_targets-extras.cmake\n'}
[47.445584] (plantroid_msgs) StdoutLine: {'line': b'-- Installing: /home/plantroid/plantroid_ws/src/plantroid_msgs/install/plantroid_msgs/share/plantroid_msgs/cmake/plantroid_msgsConfig.cmake\n'}
[47.446702] (plantroid_msgs) StdoutLine: {'line': b'-- Installing: /home/plantroid/plantroid_ws/src/plantroid_msgs/install/plantroid_msgs/share/plantroid_msgs/cmake/plantroid_msgsConfig-version.cmake\n'}
[47.448006] (plantroid_msgs) StdoutLine: {'line': b'-- Installing: /home/plantroid/plantroid_ws/src/plantroid_msgs/install/plantroid_msgs/share/plantroid_msgs/package.xml\n'}
[47.455226] (plantroid_msgs) CommandEnded: {'returncode': 0}
[47.477108] (-) TimerEvent: {}
[47.578820] (-) TimerEvent: {}
[47.679777] (-) TimerEvent: {}
[47.780449] (-) TimerEvent: {}
[47.881217] (-) TimerEvent: {}
[47.981948] (-) TimerEvent: {}
[48.082619] (-) TimerEvent: {}
[48.183297] (-) TimerEvent: {}
[48.284011] (-) TimerEvent: {}
[48.384860] (-) TimerEvent: {}
[48.454012] (plantroid_msgs) JobEnded: {'identifier': 'plantroid_msgs', 'rc': 0}
[48.457199] (-) EventReactorShutdown: {}
